Total Kasus;Aceh;Bali;Banten;Babel;Bengkulu;DIY;Jakarta;Jambi;Jabar;Jateng;Jatim;Kalbar;Kaltim;Kalteng;Kalsel;Kaltara;Kep Riau;NTB;Sumsel;Sumbar;Sulut;Sumut;Sultra;Sulsel;Sulteng;Lampung;Riau;Malut;Maluku;Papbar;Papua;Sulbar;NTT;Gorontalo;?
18-Mar;0;1;17;0;0;3;158;0;24;8;8;2;1;0;0;0;1;0;0;0;1;1;0;0;0;1;1;0;0;0;0;0;0;0;0
19-Mar;0;1;27;0;0;5;210;0;26;12;9;2;3;0;0;0;3;0;0;0;1;2;3;2;0;1;2;0;0;0;0;0;0;0;0
20-Mar;0;4;37;0;0;4;215;0;41;12;15;2;10;2;0;0;4;0;0;0;1;2;3;2;0;1;1;0;0;0;0;0;0;0;13
21-Mar;0;3;43;0;0;5;267;0;55;14;26;2;9;2;0;0;4;0;0;0;1;2;3;2;0;1;1;0;0;0;0;0;0;0;10
22-Mar;0;3;47;0;0;5;307;0;59;15;41;2;9;2;1;0;4;0;0;0;1;2;3;2;0;1;1;0;1;0;2;0;0;0;6
23-Mar;0;6;56;0;0;5;353;1;59;15;41;2;11;2;1;0;5;0;0;0;1;2;3;2;0;1;1;1;1;0;2;0;0;0;8
24-Mar;0;6;65;0;0;6;424;1;60;19;51;3;11;3;1;0;5;1;1;0;2;7;3;4;0;1;2;1;1;0;3;0;0;0;5
25-Mar;0;9;67;0;0;17;463;1;73;38;51;3;11;3;2;0;5;2;1;0;2;7;3;13;0;1;1;1;1;0;3;0;0;0;12
26-Mar;1;9;67;0;0;16;515;1;78;40;59;3;11;6;1;0;5;2;1;3;2;8;3;27;1;3;2;1;1;0;7;0;0;0;20
27-Mar;4;9;84;0;0;22;598;1;98;43;66;3;11;6;1;0;5;2;1;5;2;8;3;29;1;4;1;1;1;2;7;0;0;0;28
28-Mar;4;9;103;0;0;22;627;1;119;55;77;3;17;7;1;2;5;2;2;5;2;8;3;33;2;4;1;1;1;2;7;0;0;0;30
29-Mar;5;10;106;0;0;22;675;1;149;63;90;8;17;7;1;2;5;2;2;5;2;8;3;47;2;4;2;1;1;2;9;1;0;0;33
30-Mar;5;19;128;1;0;18;698;2;180;81;91;9;17;7;5;2;6;2;2;8;2;13;3;50;3;8;3;1;1;2;9;1;0;0;37
31-Mar;5;19;142;2;1;23;747;2;198;93;93;9;20;9;8;2;7;4;5;8;2;19;3;50;3;8;3;1;1;2;10;1;0;0;28
1-Apr;5;25;152;2;1;28;808;2;220;104;104;10;21;9;8;2;7;6;5;8;3;22;3;66;2;8;3;1;1;2;10;1;0;0;28
2-Apr;5;25;164;2;1;27;897;2;223;104;104;10;21;9;8;2;7;6;11;8;3;22;3;66;2;8;7;1;1;2;10;1;0;0;28
3-Apr;5;27;170;2;2;27;971;2;225;114;155;10;22;12;8;8;8;7;12;8;3;22;6;82;4;12;10;1;1;2;16;1;0;0;31
4-Apr;5;32;173;2;2;33;1.028;2;247;120;152;10;24;11;8;8;8;7;12;8;3;25;5;82;4;11;10;1;1;2;18;1;0;0;37
5-Apr;5;35;177;2;2;34;1.124;2;252;120;188;10;30;11;16;8;9;7;16;8;3;25;6;83;4;11;11;1;1;2;26;2;0;0;42
6-Apr;5;43;187;2;2;40;1.232;2;263;132;189;12;31;20;18;15;9;10;16;18;5;26;7;113;4;12;12;1;1;2;26;2;0;0;34
7-Apr;5;43;194;2;2;41;1.369;2;343;133;194;10;31;20;18;15;9;10;16;18;8;26;7;127;5;12;12;1;1;2;26;2;0;0;34
8-Apr;6;49;212;2;2;41;1.470;2;365;140;196;10;32;20;22;16;9;10;16;18;8;59;11;127;5;15;12;2;3;2;38;2;0;0;34
9-Apr;6;63;218;3;4;41;1.706;2;376;144;223;10;32;20;22;16;22;16;17;18;8;59;15;138;5;15;12;2;3;2;38;2;1;0;34
10-Apr;5;75;243;3;4;41;1.753;2;388;144;256;10;35;24;29;16;21;25;21;31;13;59;15;167;14;20;13;2;3;2;38;3;1;1;35
11-Apr;5;79;279;4;4;41;1.948;4;421;144;267;10;35;24;29;16;21;27;21;31;13;59;16;178;19;20;16;2;3;2;62;5;1;1;35
12-Apr;5;81;281;4;4;41;2.044;4;450;200;386;13;35;24;34;16;21;37;21;44;17;65;16;222;19;20;16;2;11;3;63;5;1;1;35
13-Apr;5;86;285;4;4;57;2.186;4;540;203;440;13;35;25;34;16;21;37;18;45;17;67;16;223;19;21;20;2;11;2;68;5;1;1;26
14-Apr;5;92;280;4;4;62;2.335;5;530;278;475;13;35;25;37;16;26;37;19;48;17;72;16;231;19;21;20;2;11;2;68;5;1;1;27
15-Apr;5;98;281;5;4;62;2.474;6;559;292;499;13;35;33;49;20;32;37;22;55;18;78;24;242;22;20;20;4;14;2;75;7;1;1;27
16-Apr;5;113;297;6;4;62;2.670;7;570;300;514;21;44;34;59;28;38;45;37;55;18;79;26;271;22;25;24;4;14;5;80;7;1;4;27
17-Apr;5;124;311;6;4;64;2.815;8;632;304;522;21;44;35;74;47;58;51;54;62;18;79;27;332;24;26;26;4;14;5;89;7;1;4;26
18-Apr;6;131;321;6;4;67;2.924;8;641;329;555;21;54;41;92;50;79;55;84;71;20;79;28;343;24;26;30;4;17;5;95;7;1;4;26
19-Apr;7;135;324;7;4;67;3.032;8;696;349;590;21;59;46;96;69;79;61;89;72;20;81;37;370;27;26;30;4;17;7;107;7;1;4;26
20-Apr;7;140;341;7;4;69;3.097;8;747;351;590;21;63;60;96;74;79;72;89;74;20;83;37;370;27;26;34;4;17;7;107;7;1;4;27
21-Apr;7;150;341;8;8;72;3.260;13;756;449;603;27;68;67;98;77;81;93;89;76;20;84;37;374;27;27;35;4;17;7;118;7;1;7;27
22-Apr;7;152;337;8;8;75;3.383;13;762;479;638;31;69;82;107;77;81;108;89;81;20;93;37;387;29;27;35;12;17;8;123;8;1;7;27
23-Apr;7;167;337;9;8;76;3.517;14;784;538;664;50;74;83;114;77;83;115;93;86;31;95;37;397;29;38;36;14;17;13;130;8;1;7;26
24-Apr;8;177;359;9;8;77;3.599;18;862;575;690;50;85;94;132;77;83;153;106;96;36;96;41;420;32;38;36;14;17;15;136;33;1;12;26
25-Apr;9;183;370;9;8;79;3.684;21;907;621;770;51;97;100;146;83;83;180;119;97;36;105;41;432;36;38;38;14;22;16;136;35;1;14;26
26-Apr;9;186;370;10;8;82;3.798;32;912;649;785;51;105;104;146;89;85;195;129;102;40;111;45;440;36;42;39;26;22;16;141;35;1;15;26
27-Apr;9;194;382;10;8;83;3.869;32;951;666;796;51;107;112;150;90;86;206;129;121;40;111;45;440;36;42;39;26;22;16;151;35;1;14;26
28-Apr;9;215;388;10;8;93;4.002;32;969;682;857;51;115;121;150;92;89;221;143;144;43;111;45;453;42;44;40;26;22;37;177;37;1;15;27
29-Apr;9;215;388;10;12;94;4.092;32;1.009;711;872;58;119;127;157;92;89;230;144;145;44;114;53;465;47;46;41;26;23;37;189;38;1;15;27
30-Apr;10;222;404;10;12;95;4.175;32;1.012;724;958;58;134;145;170;100;89;230;150;148;45;117;62;491;47;46;41;40;23;37;205;42;3;15;26
1-May;11;235;418;19;12;104;4.317;32;1.012;746;1.034;61;136;156;179;115;89;233;156;172;45;117;62;547;48;50;42;41;23;42;210;43;3;15;26
2-May;11;237;427;19;12;114;4.397;32;1.043;767;1.037;68;154;157;179;122;89;250;156;182;45;117;64;577;59;50;45;41;23;43;240;44;3;15;24
3-May;12;262;432;20;12;115;4.463;38;1.054;776;1.117;70;162;157;195;122;92;269;185;195;45;123;64;601;59;50;53;50;23;43;240;44;10;15;24
4-May;12;271;446;20;12;115;4.539;38;1.252;798;1.124;73;167;180;198;130;92;269;185;203;45;129;64;607;59;54;58;50;23;43;240;44;10;15;24
5-May;12;277;458;28;12;121;4.687;43;1.300;849;1.171;73;168;181;212;131;97;285;199;221;45;130;69;640;70;55;61;50;23;49;247;58;12;15;22
6-May;17;277;487;28;14;122;4.770;47;1.320;891;1.221;90;182;186;225;131;98;289;210;238;45;141;69;665;70;63;61;50;23;53;248;58;12;15;22
7-May;17;287;495;28;14;137;4.855;47;1.381;904;1.267;95;182;188;238;131;98;300;227;252;45;142;69;684;75;63;66;50;23;53;252;58;12;19;22
8-May;17;300;505;28;14;143;4.955;47;1.404;933;1.284;95;209;188;246;131;100;312;227;270;47;157;70;708;75;66;69;50;32;53;265;60;12;19;21
9-May;17;306;523;28;37;146;5.056;62;1.437;959;1.419;118;214;189;253;131;101;330;278;286;53;179;71;710;75;66;71;54;32;53;277;62;12;19;21
10-May;17;311;533;29;37;153;5.190;64;1.437;978;1.502;120;218;193;263;131;101;330;278;299;71;179;76;722;83;66;73;54;32;70;308;62;12;19;21
11-May;17;314;541;29;37;159;5.276;65;1.493;980;1.536;120;225;200;263;132;104;331;278;299;71;196;76;722;83;66;74;54;32;70;308;62;12;19;21
12-May;17;328;559;29;40;169;5.375;65;1.545;989;1.669;123;228;204;277;132;106;339;279;319;74;198;76;747;95;66;81;54;50;70;322;68;16;19;21
13-May;17;332;580;29;40;181;5.554;65;1.556;1.023;1.772;129;230;220;291;138;111;344;322;339;82;200;167;803;101;66;88;78;50;70;328;73;19;19;21
14-May;17;337;593;29;42;185;5.688;66;1.565;1.066;1.863;129;238;223;294;138;111;350;441;371;83;202;166;840;111;66;94;81;62;88;332;74;19;21;21
15-May;17;343;622;29;53;188;5.774;69;1.596;1.109;1.921;129;251;227;363;141;115;358;458;393;105;202;183;871;112;66;95;85;62;88;335;74;19;22;21
16-May;18;346;626;29;56;194;5.881;79;1.618;1.140;2.105;131;253;227;370;153;116;365;458;396;114;202;189;917;113;66;95;88;62;102;350;75;47;23;21
17-May;18;348;650;29;65;199;6.010;80;1.652;1.157;2.152;132;254;227;372;155;116;371;521;408;114;218;191;951;115;67;99;92;84;105;383;75;59;24;21
18-May;18;359;677;29;66;200;6.059;81;1.677;1.165;2.296;132;255;227;438;155;127;375;537;409;116;225;191;1.017;115;83;101;93;107;105;383;75;68;28;21
19-May;18;363;698;29;67;207;6.155;84;1.700;1.175;2.377;132;258;232;484;160;140;375;597;420;126;235;202;1.064;115;84;106;95;107;105;389;77;71;28;21
20-May;18;371;699;35;67;209;6.236;89;1.876;1.192;2.496;132;264;241;547;160;140;393;646;428;152;250;202;1.101;115;85;107;96;124;106;409;78;76;28;21
21-May;18;374;753;36;69;215;6.301;89;1.962;1.217;2.998;133;266;254;557;162;140;410;674;436;180;273;202;1.135;117;101;108;97;135;110;410;86;79;44;21
22-May;19;380;768;36;69;220;6.400;91;2.002;1.234;3.129;140;271;290;572;163;141;464;693;438;198;285;211;1.206;117;105;109;99;157;119;437;86;79;47;21
23-May;19;388;768;39;69;225;6.515;91;2.045;1.288;3.595;168;274;292;590;163;150;474;725;443;201;294;215;1.264;121;105;110;99;157;129;494;86;79;49;21
24-May;19;394;789;39;69;226;6.634;95;2.091;1.309;3.663;168;276;308;599;164;154;478;736;478;230;311;215;1.296;121;109;111;100;159;130;556;86;79;58;21
25-May;19;396;789;39;69;226;6.709;97;2.113;1.311;3.886;175;276;310;602;164;154;478;812;478;239;315;215;1.319;121;116;111;107;160;130;567;86;82;58;21
26-May;19;407;807;39;69;226;6.798;97;2.130;1.315;3.943;176;277;322;630;164;154;488;868;513;265;315;215;1.352;121;116;111;118;160;132;567;87;85;58;21
27-May;19;415;817;42;69;228;6.895;97;2.157;1.326;4.142;183;380;330;703;165;162;537;921;537;281;332;226;1.381;121;118;111;119;170;132;581;88;85;60;21
28-May;20;420;831;42;71;228;7.001;97;2.181;1.336;4.313;184;281;337;819;165;175;562;942;541;297;362;240;1.427;126;118;111;128;188;152;584;88;85;65;21
29-May;20;443;845;42;72;230;7.128;97;2.211;1.350;4.414;184;285;367;893;165;178;590;953;541;306;400;241;1.468;126;131;117;139;215;158;640;88;90;68;21
30-May;20;455;858;45;86;233;7.229;97;2.231;1.366;4.613;184;291;398;893;165;196;594;963;552;322;406;241;1.510;126;132;117;146;215;162;658;88;91;69;21
31-May;20;465;861;46;91;236;7.348;97;2.260;1.403;4.857;189;295;410;919;165;197;636;982;567;339;409;244;1.541;128;133;117;153;223;168;675;92;92;94;21
1-Jun;20;482;867;46;91;237;7.485;97;2.294;1.417;4.922;196;297;419;948;165;197;652;995;567;339;417;244;1.586;128;135;117;160;223;168;725;92;97;94;21
2-Jun;20;487;883;50;92;237;7.541;97;2.314;1.432;5.135;196;298;428;969;165;209;670;1.019;574;354;418;244;1.630;128;136;117;174;223;172;819;92;97;108;21
3-Jun;20;490;954;62;92;237;7.623;97;2.319;1.455;5.318;202;310;456;1.033;165;209;685;1.029;583;377;444;251;1.668;129;136;117;176;238;172;858;92;97;118;21
4-Jun;20;510;965;72;92;237;7.690;99;2.354;1.479;5.408;202;316;469;1.142;165;219;705;1.056;594;382;488;252;1.722;129;140;117;177;238;173;875;92;97;121;21
5-Jun;20;524;989;81;92;238;7.766;101;2.366;1.537;5.549;205;317;484;1.213;167;223;757;1.074;607;391;537;257;1.776;136;141;117;178;254;175;918;92;97;121;21
6-Jun;20;557;1.025;98;92;242;7.870;103;2.376;1.564;5.835;210;327;496;1.247;168;227;798;1.104;618;470;605;257;1.840;139;143;118;185;261;178;1.005;92;97;126;21
7-Jun;20;582;1.035;102;92;244;8.033;103;2.404;1.615;5.948;210;329;496;1.285;169;228;808;1.129;626;495;605;259;1.904;159;144;118;186;269;179;1.064;94;97;134;21
8-Jun;20;594;1.047;102;92;247;8.121;103;2.424;1.642;6.313;210;338;504;1.347;169;228;822;1.158;626;510;607;259;2.014;159;145;118;186;307;179;1.090;94;103;134;21
9-Jun;20;608;1.061;121;92;249;8.355;103;2.448;1.674;6.533;234;351;522;1.438;170;228;830;1.188;645;551;618;263;2.194;159;148;120;190;315;183;1.108;94;103;139;21
10-Jun;22;640;1.096;123;92;250;8.503;105;2.506;1.813;6.806;245;362;537;1.565;170;228;857;1.229;659;546;635;266;2.383;159;150;120;227;328;191;1.137;95;105;145;21
11-Jun;22;659;1.121;126;92;252;8.650;105;2.551;1.832;7.103;245;365;552;1.634;170;238;868;1.271;661;579;680;272;2.524;159;152;120;263;328;195;1.156;96;105;149;
12-Jun;22;695;1.157;132;95;262;8.740;106;2.572;1.876;7.421;267;373;565;1.694;170;238;891;1.304;671;644;768;277;2.582;159;153;120;285;387;200;1.197;97;105;181;
13-Jun;22;723;1.231;136;98;264;8.861;108;2.587;1.946;7.597;267;376;586;1.817;170;239;904;1.326;674;651;862;279;2.707;168;165;125;302;400;205;1.237;97;105;185;
14-Jun;27;741;1.240;144;101;269;8.978;108;2.604;2.059;7.793;268;378;586;1.887;170;239;915;1.396;681;658;872;283;2.840;170;166;125;310;421;208;1.249;98;108;185;
15-Jun;27;760;1.243;144;101;272;9.120;108;2.623;2.175;8.063;268;382;631;1.953;170;254;937;1.448;681;676;932;286;2.941;171;166;126;312;452;209;1.249;98;108;208;
16-Jun;27;782;1.277;145;104;273;9.222;108;2.662;2.231;8.308;270;392;657;2.122;171;254;957;1.498;687;701;957;291;3.116;172;166;126;312;496;212;1.281;98;108;214;
17-Jun;37;829;1.309;147;105;276;9.349;109;2.703;2.346;8.533;282;397;702;2.208;171;263;978;1.541;691;736;970;292;3.200;172;169;128;322;520;214;1.311;99;108;214;
18-Jun;38;895;1.327;147;105;276;9.516;109;2.758;2.391;8.917;282;405;738;2.326;171;263;1.008;1.596;696;761;993;326;3.366;172;171;134;343;537;219;1.350;104;108;214;
19-Jun;38;976;1.331;147;107;277;9.655;112;2.805;2.471;9.057;296;417;738;2.392;173;263;1.022;1.680;700;784;1.024;329;3.573;173;172;142;383;544;222;1.368;104;108;220;
20-Jun;39;1.013;1.347;148;116;285;9.829;112;2.828;2.569;9.451;298;423;764;2.475;175;264;1.051;1.721;703;809;1.082;332;3.685;173;180;142;400;581;222;1.380;104;108;220;
21-Jun;49;1.050;1.355;148;116;288;9.971;112;2.848;2.668;9.542;298;434;764;2.569;176;279;1.056;1.779;707;853;1.095;332;3.797;173;181;142;411;603;224;1.429;104;111;227;
22-Jun;49;1.080;1.361;148;116;288;10.098;112;2.865;2.717;9.857;298;435;785;2.658;177;281;1.067;1.839;707;854;1.115;334;3.908;176;181;166;431;633;224;1.440;104;111;230;
23-Jun;49;1.116;1.373;148;118;291;10.250;114;2.901;2.766;10.115;313;447;796;2.685;177;281;1.081;1.855;712;861;1.232;336;4.062;179;181;193;465;634;224;1.495;104;111;231;
24-Jun;53;1.158;1.390;148;118;292;10.404;114;2.945;2.842;10.298;313;456;800;2.775;179;284;1.102;1.869;715;892;1.287;337;4.194;180;183;217;560;671;225;1.554;105;111;238;
25-Jun;66;1.214;1.399;148;120;299;10.600;114;2.977;2.920;10.545;313;473;810;2.835;188;291;1.119;1.893;717;938;1.356;337;4.297;181;187;220;640;684;233;1.613;106;111;243;
26-Jun;69;1.263;1.414;148;124;302;10.796;114;3.014;3.097;10.901;313;483;817;2.876;197;291;1.142;1.907;720;984;1.370;341;4.469;183;187;223;661;691;233;1.633;108;113;243;
27-Jun;77;1.369;1.432;149;125;304;10.994;117;3.064;3.294;11.178;321;494;822;2.930;201;291;1.163;1.950;722;1.039;1.447;343;4.615;184;188;223;698;705;234;1.670;112;113;243;1
28-Jun;79;1.414;1.438;149;125;306;11.114;117;3.091;3.482;11.508;321;503;834;3.003;201;293;1.199;2.000;725;1.057;1.467;343;4.807;186;188;224;719;711;236;1.696;114;113;243;4
29-Jun;79;1.444;1.444;152;125;306;11.237;117;3.134;3.680;11.805;321;510;881;3.042;204;293;1.213;2.023;725;1.082;1.480;345;4.995;186;188;226;719;726;237;1.699;114;113;243;4
30-Jun;80;1.493;1.453;152;125;313;11.424;117;3.218;3.833;12.136;321;518;894;3.148;206;293;1.234;2.049;726;1.109;1.551;363;5.084;189;190;226;728;742;239;1.750;115;113;249;4
1-Jul;86;1.527;1.466;155;129;314;11.637;117;3.276;4.006;12.321;336;525;931;3.223;206;302;1.245;2.078;742;1.129;1.601;405;5.214;186;191;227;875;749;242;1.846;117;113;249;4
2-Jul;86;1.640;1.474;155;130;320;11.823;117;3.344;4.159;12.695;336;531;946;3.337;206;307;1.260;2.120;750;1.159;1.690;464;5.379;186;193;228;940;762;244;1.916;119;118;256;4
3-Jul;87;1.706;1.495;157;136;324;11.961;117;3.374;4.293;13.048;336;544;996;3.447;206;310;1.283;2.156;760;1.178;1.723;475;5.559;186;193;232;950;769;249;1.942;120;118;261;4
4-Jul;87;1.797;1.508;161;137;325;12.183;117;3.463;4.403;13.461;336;557;1.004;3.520;206;311;1.311;2.205;762;1.192;1.767;479;5.754;191;193;233;953;776;253;1.984;124;118;269;2
5-Jul;87;1.849;1.513;163;141;331;12.435;120;3.574;4.611;14.013;339;584;1.032;3.564;206;313;1.330;2.255;775;1.208;1.778;482;5.890;191;195;234;953;794;255;2.021;124;118;269;2
6-Jul;87;1.900;1.525;169;141;339;12.667;120;3.700;4.738;14.321;339;597;1.040;3.628;206;313;1.362;2.326;775;1.218;1.798;484;5.974;191;201;235;953;804;265;2.027;124;118;271;2
7-Jul;88;1.940;1.531;171;144;346;12.857;121;3.779;4.878;14.601;344;603;1.058;3.695;206;313;1.392;2.356;780;1.252;1.821;487;6.192;191;201;236;967;830;266;2.057;127;118;276;2
8-Jul;89;1.971;1.544;171;151;349;13.211;121;3.878;5.083;14.967;344;617;1.073;3.818;206;318;1.415;2.419;780;1.342;1.977;494;6.358;193;202;236;1.037;837;266;2.074;129;121;286;2
9-Jul;90;2.024;1.559;171;155;357;13.488;122;4.843;5.203;15.484;347;623;1.096;3.926;214;321;1.444;2.475;785;1.468;2.085;500;6.488;193;203;238;1.077;845;272;2.101;130;121;286;2
10-Jul;90;2.110;1.573;171;158;364;13.739;122;4.951;5.303;15.730;347;642;1.131;3.990;214;321;1.480;2.568;791;1.570;2.197;507;6.620;193;205;238;1.101;858;276;2.181;135;121;316;34
11-Jul;99;2.147;1.581;172;162;370;14.113;122;5.027;5.403;16.140;347;673;1.157;4.069;214;327;1.520;2.604;794;1.637;2.284;509;6.800;193;205;239;1.122;864;282;2.204;138;121;345;34
12-Jul;106;2.195;1.593;172;163;371;14.517;122;5.077;5.473;16.658;350;690;1.196;4.146;214;332;1.550;2.653;800;1.660;2.323;511;6.973;193;208;240;1.130;874;286;2.267;142;121;359;34
13-Jul;106;2.257;1.600;172;163;379;14.797;122;5.160;5.573;16.877;355;695;1.222;4.218;215;332;1.573;2.703;800;1.680;2.367;518;7.097;193;209;243;1.143;900;286;2.365;143;121;363;34
14-Jul;110;2.358;1.609;174;168;387;15.064;124;5.235;5.653;17.230;355;722;1.254;4.379;215;337;1.594;2.754;803;1.697;2.497;521;7.294;194;209;246;1.145;900;292;2.366;146;121;385;34
15-Jul;137;2.421;1.612;175;170;396;15.324;125;5.310;5.914;17.395;355;756;1.254;4.488;215;341;1.620;2.784;805;1.741;2.596;531;7.452;195;215;246;1.184;920;292;2.426;152;121;392;34
16-Jul;140;2.533;1.629;175;171;404;15.636;125;5.350;6.128;17.574;359;780;1.266;4.621;215;341;1.650;2.832;806;1.769;2.693;540;7.630;195;219;251;1.221;926;296;2.478;154;121;416;24
17-Jul;145;2.619;1.638;175;173;408;15.889;126;5.402;6.366;17.829;359;823;1.324;4.722;216;341;1.671;2.899;813;1.797;2.776;554;7.713;195;220;256;1.232;928;301;2.496;154;121;425;24
18-Jul;145;2.690;1.646;176;179;416;16.236;132;5.461;6.632;18.033;359;848;1.324;4.829;216;344;1.694;2.966;817;1.851;2.923;575;7.881;195;229;261;1.265;929;339;2.552;158;131;426;24
19-Jul;146;2.745;1.674;176;181;432;16.538;132;5.488;6.932;18.308;359;868;1.399;4.938;216;345;1.725;3.012;826;1.898;2.937;587;8.039;196;231;272;1.273;960;341;2.601;159;131;432;24
20-Jul;148;2.781;1.682;180;181;438;16.899;132;5.548;7.286;18.545;359;893;1.399;4.990;217;345;1.759;3.054;828;1.962;2.952;635;8.164;196;231;287;1.287;979;368;2.640;166;134;537;12
21-Jul;149;2.856;1.693;180;181;465;17.279;134;5.659;7.407;18.828;359;964;1.412;5.083;217;345;1.777;3.112;836;2.000;2.994;671;8.257;196;232;310;1.328;998;371;2.646;167;137;616;10
22-Jul;151;2.934;1.697;181;185;486;17.621;136;5.741;7.726;19.093;359;994;1.448;5.216;217;349;1.789;3.149;846;2.077;3.163;685;8.407;196;237;348;1.336;998;376;2.678;169;137;616;10
23-Jul;158;2.996;1.707;182;195;496;18.068;136;5.824;8.021;19.450;359;1.034;1.475;5.332;218;349;1.822;3.165;849;2.120;3.263;712;8.527;200;246;350;1.345;1.010;386;2.724;171;137;620;10
24-Jul;162;3.058;1.719;185;195;519;18.365;138;5.915;8.145;19.946;359;1.072;1.520;5.422;218;351;1.850;3.211;852;2.162;3.320;735;8.612;201;246;362;1.372;1.010;387;2.792;175;137;694;10
25-Jul;168;3.114;1.724;186;200;536;18.741;139;5.988;8.336;20.256;365;1.134;1.587;5.540;266;354;1.883;3.228;864;2.216;3.371;752;8.748;201;247;367;1.409;1.016;388;2.832;187;137;796;10
26-Jul;168;3.157;1.738;188;200;543;19.125;139;6.039;8.412;20.539;365;1.166;1.632;5.656;266;355;1.903;3.251;869;2.263;3.390;768;8.881;202;250;378;1.441;1.046;392;2.889;192;145;820;10
27-Jul;168;3.219;1.748;191;200;558;19.592;139;6.084;8.622;20.812;365;1.184;1.653;5.689;266;355;1.926;3.275;869;2.313;3.438;769;8.991;202;252;382;1.455;1.046;396;2.945;193;145;851;10
28-Jul;193;3.249;1.757;191;210;572;19.995;139;6.218;8.807;21.125;381;1.250;1.677;5.782;268;362;1.946;3.296;874;2.357;3.518;769;9.123;206;252;409;1.493;1.068;397;2.962;195;145;855;10
29-Jul;238;3.310;1.772;193;212;587;20.572;154;6.314;9.120;21.484;381;1.307;1.677;5.884;268;370;1.986;3.330;891;2.415;3.759;776;9.251;207;252;415;1.524;1.069;413;2.988;201;145;957;10
30-Jul;312;3.360;1.801;193;214;610;20.969;156;6.461;9.281;21.772;381;1.377;1.701;5.970;280;370;2.022;3.387;907;2.502;3.827;782;9.346;207;255;426;1.530;1.093;430;3.021;223;145;1.015;10
31-Jul;415;3.407;1.835;193;217;674;21.399;162;6.532;9.516;22.089;387;1.426;1.729;6.098;283;447;2.065;3.417;948;2.580;3.931;782;9.422;207;255;445;1.530;1.093;433;3.059;230;145;1.015;10
1-Aug;415;3.448;1.858;193;218;741;21.767;168;6.584;9.659;22.324;387;1.433;1.760;6.160;284;491;2.065;3.427;948;2.648;3.962;787;9.552;207;255;446;1.543;1.124;451;3.087;232;145;1.157;10
2-Aug;431;3.488;1.870;193;235;760;22.144;169;6.637;9.732;22.504;387;1.516;1.777;6.192;284;493;2.115;3.444;957;2.668;4.136;787;9.647;213;271;456;1.557;1.135;460;3.114;238;151;1.284;10
3-Aug;433;3.529;1.891;196;235;772;22.616;169;6.693;9.827;22.982;387;1.538;1.791;6.238;284;493;2.150;3.455;974;2.746;4.193;789;9.744;213;297;506;1.562;1.135;460;3.114;239;151;1.322;10
4-Aug;440;3.578;1.924;196;238;784;23.026;188;6.787;9.887;23.412;387;1.598;1.844;6.357;287;493;2.171;3.490;987;2.776;4.261;859;9.861;213;297;577;1.568;1.146;471;3.164;241;151;1.387;10
5-Aug;442;3.617;1.947;197;239;801;23.380;193;6.912;10.036;23.829;387;1.665;1.849;6.411;287;500;2.197;3.553;1.006;2.794;4.391;892;9.987;215;298;606;1.575;1.175;481;3.175;245;152;1.427;10
6-Aug;483;3.644;1.979;197;240;819;23.936;193;6.995;10.151;24.115;394;1.701;1.874;6.478;291;500;2.224;3.602;1.038;2.822;4.477;951;10.169;215;299;621;1.582;1.221;492;3.192;265;152;1.431;10
7-Aug;536;3.682;2.013;200;240;838;24.601;205;7.147;10.383;24.493;397;1.799;1.911;6.535;291;517;2.239;3.623;1.079;2.840;4.693;978;10.257;216;303;656;1.613;1.292;536;3.215;267;152;1.469;10
8-Aug;536;3.720;2.035;200;243;854;25.287;210;7.387;10.471;24.922;397;1.834;1.977;6.617;292;526;2.263;3.675;1.102;2.860;4.794;998;10.364;216;307;706;1.670;1.298;551;3.215;275;152;1.549;0
9 Aug;580;3.779;2.059;201;252;862;25.727;210;7.566;10.611;25.330;410;1.887;2.007;6.715;294;534;2.290;3.694;1.140;2.904;4.819;1.020;10.454;216;307;732;1.674;1.330;552;3.257;275;152;1.556;
10 Aug;676;3.817;2.082;203;253;876;26.162;210;7.599;10.679;25.626;416;1.932;2.050;6.765;296;555;2.316;3.713;1.176;2.976;4.948;1.020;10.531;216;316;773;1.680;1.345;557;3.278;275;152;1.614;0
11 Aug;676;3.862;2.101;203;258;880;26.624;210;7.694;10.765;25.917;420;2.060;2.081;6.836;299;572;2.338;3.735;1.189;3.012;5.155;1.052;10.585;216;318;789;1.691;1.347;558;3.279;282;155;1.617;0
12 Aug;748;3.892;2.150;203;260;900;27.153;215;7.803;10.944;26.220;429;2.106;2.087;6.889;303;599;2.362;3.778;1.216;3.025;5.264;1.076;10.675;220;320;821;1.709;1.367;571;3.305;282;162;1.664;0
13 Aug;748;3.927;2.187;203;264;911;27.761;215;7.914;11.148;26.561;439;2.129;2.131;6.934;312;613;2.375;3.805;1.258;3.150;5.358;1.106;10.756;220;327;889;1.717;1.406;595;3.336;287;162;1.672;0
14 Aug;840;3.980;2.208;205;274;946;28.299;222;8.275;11.340;26.979;444;2.227;2.151;6.989;312;625;2.399;3.844;1.300;3.211;5.427;1.139;10.793;223;332;918;1.729;1.416;595;3.345;299;162;1.675;0
15 Aug;865;4.024;2.241;207;277;992;28.882;225;8.512;11.471;27.415;447;2.283;2.188;7.051;325;647;2.421;3.880;1.337;3.261;5.622;1.167;10.895;223;332;959;1.739;1.448;601;3.345;306;165;1.715;0
16 Aug;876;4.065;2.284;212;279;1.025;29.400;225;8.595;11.639;27.903;447;2.369;2.188;7.151;328;657;2.436;3.909;1.350;3.282;5.673;1.202;11.051;223;341;983;1.741;1.495;605;3.422;307;165;1.721;0
17 Aug;1.044;4.110;2.301;214;279;1.041;29.952;245;8.640;11.675;28.239;447;2.485;2.215;7.241;329;664;2.458;3.910;1.376;3.288;5.690;1.216;11.148;227;343;1.017;1.744;1.521;607;3.432;319;165;1.788;0
18 Aug;1.069;4.158;2.364;216;280;1.059;30.465;245;8.685;11.793;28.551;452;2.578;2.258;7.281;329;664;2.481;3.919;1.413;3.315;5.820;1.217;11.187;228;343;1.039;1.746;1.530;620;3.432;320;165;1.821;0
19 Aug;1.132;4.220;2.411;219;286;1.090;31.016;250;8.789;11.924;28.886;456;2.669;2.258;7.363;332;679;2.505;3.964;1.439;3.336;5.898;1.217;11.219;233;346;1.050;1.756;1.553;634;3.453;322;165;1.875;0
20 Aug;1.137;4.292;2.434;220;286;1.138;31.610;250;8.988;12.092;29.257;471;2.697;2.291;7.544;337;680;2.526;3.988;1.483;3.401;5.957;1.277;11.278;233;352;1.097;1.761;1.611;640;3.520;323;165;1.875;0
21 Aug;1.141;4.368;2.470;222;287;1.163;32.267;271;9.081;12.188;29.715;500;2.892;2.314;7.618;339;701;2.550;4.037;1.528;3.451;5.978;1.299;11.376;235;353;1.132;1.761;1.611;643;3.534;331;165;1.887;0
22 Aug;1.211;4.446;2.512;226;288;1.178;32.855;274;9.215;12.288;30.036;533;3.021;2.348;7.696;340;701;2.564;4.091;1.565;3.522;6.051;1.310;11.437;236;356;1.195;1.770;1.615;647;3.567;347;170;1.887;0
23 Aug;1.211;4.513;2.544;228;288;1.193;33.470;274;9.283;12.476;30.315;566;3.101;2.410;7.777;349;745;2.582;4.125;1.633;3.552;6.129;1.323;11.470;238;362;1.237;1.774;1.669;649;3.567;352;171;1.959;0
24 Aug;1.241;4.576;2.605;228;289;1.207;34.103;274;9.420;12.628;30.635;578;3.145;2.427;7.838;357;756;2.596;4.157;1.659;3.554;6.166;1.327;11.516;239;365;1.279;1.778;1.677;659;3.650;353;171;1.959;0
25 Aug;1.261;4.650;2.637;231;300;1.248;34.740;281;9.670;12.826;30.998;605;3.286;2.438;7.920;360;767;2.613;4.202;1.736;3.598;6.300;1.365;11.568;239;369;1.319;1.779;1.742;659;3.650;360;172;1.970;0
26 Aug;1.291;4.726;2.666;235;303;1.264;35.453;289;9.848;12.973;31.329;605;3.420;2.446;7.974;361;775;2.641;4.223;1.823;3.613;6.437;1.402;11.638;239;371;1.361;1.809;1.748;711;3.686;362;173;1.970;0
27 Aug;1.399;4.808;2.725;235;305;1.306;36.213;296;10.002;13.225;31.696;611;3.626;2.464;8.013;361;825;2.662;4.248;1.864;3.652;6.541;1.452;11.680;239;376;1.460;1.825;1.781;720;3.709;368;174;2.023;0
28 Aug;1.449;4.901;2.767;235;329;1.326;37.082;302;10.528;13.467;32.113;611;3.723;2.464;8.081;373;861;2.685;4.305;1.890;3.686;6.627;1.501;11.756;240;378;1.526;1.840;1.785;726;3.735;384;176;2.035;0
29 Aug;1.546;4.989;2.827;235;332;1.373;37.943;302;10.815;13.647;32.754;627;3.923;2.482;8.192;379;900;2.727;4.361;1.978;3.751;6.730;1.539;11.841;241;382;1.605;1.840;1.812;746;3.771;388;176;2.041;0
30 Aug;1.600;5.078;2.872;239;343;1.397;39.037;302;10.918;13.785;33.220;645;4.120;2.507;8.256;382;900;2.728;4.401;2.068;3.833;6.769;1.565;11.870;241;389;1.739;1.858;1.832;752;3.796;393;177;2.041;0
31 Aug;1.633;5.207;2.903;239;343;1.425;40.086;302;11.063;13.964;33.543;645;4.244;2.548;8.288;384;990;2.742;4.454;2.157;3.848;6.827;1.566;11.978;243;395;1.846;1.860;1.857;807;3.796;395;177;2.041;0
1 Sep;1.649;5.367;2.929;239;349;1.445;40.987;302;11.278;14.164;33.893;653;4.305;2.585;8.357;392;1.017;2.758;4.486;2.240;3.893;6.942;1.608;12.057;244;399;1.924;1.866;1.900;831;3.862;396;179;2.075;0
2 Sep;1.697;5.536;2.997;239;353;1.474;42.041;303;11.481;14.428;34.278;659;4.377;2.585;8.416;396;1.064;2.772;4.520;2.328;3.908;7.124;1.623;12.194;245;410;2.031;1.871;1.910;836;3.873;396;191;2.090;0
3 Sep;1.794;5.710;3.031;240;361;1.507;43.400;303;11.719;14.670;34.655;674;4.534;2.636;8.527;422;1.100;2.786;4.583;2.372;3.942;7.265;1.629;12.244;249;424;2.137;1.878;1.961;861;3.901;402;200;2.151;0
4 Sep;1.884;5.906;3.053;242;364;1.525;44.280;304;12.104;14.860;35.005;685;4.815;2.689;8.576;426;1.165;2.795;4.618;2.437;3.972;7.390;1.661;12.321;249;428;2.267;1.887;2.004;888;3.973;402;202;2.160;0
5 Sep;1.945;6.071;3.102;242;369;1.546;45.157;304;12.332;15.118;35.331;691;4.943;2.689;8.657;435;1.182;2.828;4.660;2.507;3.990;7.552;1.677;12.475;252;440;2.445;1.887;2.064;895;4.074;419;204;2.182;0
6 Sep;2.023;6.212;3.187;243;391;1.557;46.333;304;12.505;15.351;35.634;704;5.129;2.740;8.760;443;1.182;2.847;4.675;2.751;4.002;7.633;1.706;12.684;252;452;2.585;1.887;2.144;908;4.074;419;206;2.186;0
7 Sep;2.042;6.385;3.264;243;391;1.571;47.379;304;12.709;15.615;35.941;704;5.191;2.807;8.837;448;1.235;2.855;4.745;2.795;4.003;7.725;1.706;12.695;252;455;2.718;1.896;2.164;940;4.148;419;206;2.201;0
8 Sep;2.054;6.549;3.323;250;394;1.595;48.393;304;13.045;15.852;36.342;711;5.277;2.807;8.903;455;1.259;2.875;4.786;2.910;4.024;7.832;1.717;12.746;257;466;2.831;1.900;2.206;941;4.162;435;209;2.225;0
9 Sep;2.152;6.723;3.360;252;397;1.645;49.397;308;13.333;16.133;36.712;723;5.357;2.851;9.001;456;1.312;2.890;4.824;3.020;4.046;7.964;1.741;12.864;261;488;2.969;1.910;2.228;959;4.162;450;213;2.241;0
10 Sep;2.258;6.834;3.402;263;400;1.695;50.671;309;13.668;16.508;37.093;728;5.447;2.887;9.078;458;1.340;2.901;4.890;3.124;4.064;8.110;1.767;13.032;261;509;3.163;1.911;2.248;970;4.276;456;213;2.269;0
11 Sep;2.403;6.978;3.448;270;430;1.744;51.635;314;13.940;17.074;37.455;736;5.599;2.920;9.152;460;1.357;2.910;4.945;3.161;4.085;8.241;1.801;13.183;269;511;3.345;1.918;2.365;1.019;4.330;458;213;2.271;
12 Sep;2.527;7.113;3.469;275;458;1.787;52.840;319;14.231;17.460;37.839;747;5.752;2.966;9.249;465;1.378;2.923;5.018;3.264;4.105;8.362;1.834;13.235;269;555;3.569;1.921;2.377;1.086;4.392;462;217;2.282;0
13 Sep;2.739;7.226;3.519;283;466;1.836;54.220;321;14.388;17.742;38.088;754;5.926;3.002;9.282;469;1.411;2.939;5.051;3.387;4.149;8.465;1.869;13.291;271;555;3.781;1.935;2.434;1.086;4.476;470;237;2.314;0
14 Sep;2.892;7.312;3.574;283;467;1.869;55.099;321;14.591;17.913;38.431;780;6.049;3.002;9.423;474;1.430;2.961;5.078;3.505;4.165;8.559;1.890;13.476;271;615;3.909;1.940;2.465;1.185;4.572;471;237;2.314;
15 Sep;3.032;7.380;3.636;284;476;1.895;56.175;331;14.938;18.111;38.809;784;6.100;3.059;9.500;479;1.438;2.981;5.118;3.633;4.171;8.808;1.948;13.583;272;644;4.054;1.956;2.481;1.236;4.637;475;276;2.330;0
16 Sep;3.127;7.429;3.774;295;480;1.943;57.469;345;15.231;18.451;39.181;803;6.317;3.123;9.511;481;1.460;2.990;5.175;3.749;4.182;8.934;2.008;13.747;276;666;4.237;1.966;2.500;1.278;4.763;477;289;2.336;0
17 Sep;3.236;7.492;3.895;305;510;1.984;58.582;351;15.584;18.744;39.508;825;6.486;3.123;9.547;483;1.494;3.009;5.233;3.868;4.212;9.051;2.043;13.867;278;687;4.462;1.972;2.503;1.333;4.836;482;302;2.341;0
18 Sep;3.352;7.543;4.036;306;523;2.037;59.840;358;15.925;18.942;39.993;840;6.605;3.178;9.572;485;1.582;3.029;5.293;4.002;4.232;9.176;2.060;14.026;289;694;4.687;1.973;2.510;1.387;4.894;484;313;2.353;0
19 Sep;3.527;7.628;4.164;310;530;2.111;60.828;372;16.395;19.213;40.372;861;6.716;3.228;9.650;488;1.627;3.082;5.331;4.161;4.254;9.273;2.119;14.193;297;715;4.990;1.992;2.551;1.435;5.099;485;315;2.375;0
20 Sep;3.595;7.749;4.343;311;536;2.181;61.966;386;16.822;19.516;40.708;867;6.776;3.272;9.735;489;1.639;3.101;5.402;4.267;4.295;9.368;2.187;14.367;320;728;5.288;1.992;2.566;1.495;5.149;504;321;2.435;0
21 Sep;3.694;7.888;4.464;312;536;2.245;63.318;386;17.502;19.754;41.076;868;6.954;3.300;9.817;492;1.724;3.126;5.449;4.448;4.317;9.468;2.223;14.403;321;738;5.448;2.011;2.615;1.516;5.176;505;321;2.437;0
22 Sep;3.785;7.996;4.593;320;541;2.312;64.554;386;18.077;19.982;41.417;879;7.068;3.300;9.902;503;1.747;3.137;5.497;4.649;4.329;9.566;2.261;14.524;330;762;5.701;2.014;2.652;1.587;5.249;530;332;2.441;0
23 Sep;3.835;8.126;4.809;334;572;2.375;65.687;395;18.593;20.239;41.755;885;7.264;3.392;9.984;532;1.864;3.161;5.607;4.853;4.335;9.653;2.351;14.648;344;778;5.889;2.035;2.654;1.674;5.387;540;349;2.489;0
24 Sep;3.891;8.245;4.939;335;579;2.397;66.731;399;19.397;20.673;42.098;901;7.459;3.431;10.047;550;1.875;3.200;5.690;5.155;4.357;9.749;2.422;14.813;348;799;6.120;2.039;2.654;1.674;5.653;546;367;2.489;0
25 Sep;3.982;8.389;5.050;336;590;2.458;67.902;409;20.131;21.004;42.391;935;7.851;3.474;10.080;556;2.022;3.218;5.734;5.363;4.390;9.843;2.501;14.982;354;814;6.315;2.045;2.654;1.820;5.763;567;388;2.534;0
26 Sep;4.173;8.452;5.185;337;600;2.499;69.224;425;20.517;21.368;42.670;946;8.070;3.474;10.120;563;2.115;3.246;5.794;5.504;4.412;9.941;2.681;15.175;375;826;6.577;2.048;2.727;1.951;5.840;571;394;2.539;0
27 Sep;4.246;8.532;5.290;337;645;2.519;70.441;446;20.954;21.626;42.890;957;8.210;3.485;10.197;569;2.170;3.265;5.876;5.720;4.437;10.038;2.763;15.295;375;841;6.780;2.048;2.727;1.990;5.953;617;402;2.572;0
28 Sep;4.325;8.639;5.417;337;647;2.558;71.339;467;21.443;21.930;43.174;957;8.324;3.549;10.237;573;2.182;3.282;5.927;5.926;4.444;10.123;2.780;15.354;393;851;7.034;2.052;2.727;2.054;5.999;617;402;2.659;
29 Sep;4.471;8.745;5.499;347;665;2.607;72.577;490;21.759;22.205;43.450;974;8.438;3.634;10.289;575;2.200;3.289;5.985;6.180;4.456;10.211;2.819;15.501;402;875;7.270;2.059;2.815;2.088;5.999;773;406;2.671;0
30 Sep;4.554;8.878;5.643;361;693;2.643;73.736;513;22.205;22.435;43.744;982;8.651;3.645;10.348;577;2.234;3.316;6.095;6.281;4.487;10.313;2.862;15.579;410;894;7.622;2.065;2.815;2.135;6.321;794;424;2.753;0
1 Oct;4.666;9.019;5.743;371;713;2.680;74.989;534;22.764;22.734;44.058;1.011;8.782;3.691;10.403;583;2.250;3.346;6.135;6.473;4.505;10.424;2.910;15.698;440;907;7.887;2.067;2.859;2.166;6.382;804;429;2.759;0
2 Oct;4.854;9.149;5.825;387;722;2.700;76.187;558;23.308;23.078;44.341;1.017;9.101;3.720;10.479;590;2.273;3.372;6.207;6.587;4.530;10.513;2.989;15.772;450;932;8.068;2.074;2.976;2.213;6.504;809;439;2.775;0
3 Oct;4.927;9.254;5.960;406;724;2.772;77.452;571;23.651;23.450;44.649;1.023;9.218;3.758;10.562;597;2.306;3.394;6.277;6.872;4.551;10.599;3.032;15.815;461;942;8.240;2.075;2.976;2.259;6.690;820;448;2.775;0
4 Oct;4.994;9.365;6.129;411;728;2.791;78.850;593;23.899;23.764;44.898;1.042;9.446;3.776;10.618;603;2.343;3.420;6.323;7.127;4.576;10.682;3.066;15.883;466;951;8.403;2.075;3.040;2.346;6.781;829;464;2.816;0
5 Oct;5.064;9.448;6.268;423;752;2.813;79.872;618;24.402;24.129;45.135;1.044;9.563;3.804;10.662;605;2.382;3.441;6.346;7.343;4.595;10.771;3.069;15.900;467;988;8.701;2.077;3.062;2.361;6.881;830;465;2.839;0
6 Oct;5.182;9.547;6.368;428;758;2.833;80.979;647;24.910;24.529;45.417;1.085;9.763;3.818;10.734;610;2.411;3.464;6.417;7.429;4.630;10.869;3.161;15.946;491;1.015;8.832;2.077;3.130;2.475;7.073;842;467;2.839;0
7 Oct;5.254;9.652;6.448;438;762;2.853;82.190;669;25.662;24.913;45.748;1.095;9.965;3.855;10.774;623;2.421;3.471;6.531;7.623;4.652;10.965;3.256;16.085;514;1.031;8.982;2.077;3.178;2.544;7.214;862;485;2.922;0
8 Oct;5.423;9.759;6.570;440;774;2.904;83.372;715;26.259;25.261;46.095;1.108;10.203;3.866;10.816;629;2.450;3.485;6.614;7.824;4.685;11.064;3.356;16.298;528;1.089;9.226;2.082;3.272;2.754;7.312;868;532;2.931;0
9 Oct;5.546;9.897;6.711;454;785;2.960;84.315;760;26.763;25.673;46.405;1.136;10.338;3.890;10.897;632;2.450;3.513;6.677;8.119;4.704;11.159;3.419;16.399;539;1.089;9.430;2.082;3.272;2.854;7.428;878;551;2.933;0
10 Oct;5.644;10.028;6.882;461;796;3.029;85.574;790;27.031;26.083;46.715;1.216;10.469;3.907;10.950;637;2.525;3.520;6.743;8.364;4.744;11.247;3.477;16.562;552;1.120;9.661;2.089;3.396;2.891;7.472;879;558;2.940;0
11 Oct;5.767;10.135;6.988;474;803;3.064;86.963;812;27.236;26.401;46.984;1.297;10.663;3.941;11.026;645;2.547;3.539;6.776;8.714;4.798;11.332;3.568;16.738;568;1.131;9.971;2.089;3.435;3.016;7.622;894;565;2.947;0
12 Oct;5.844;10.228;7.067;474;804;3.107;88.174;825;27.522;26.640;47.280;1.297;10.729;3.967;11.052;649;2.619;3.554;6.821;8.880;4.803;11.419;3.627;16.819;569;1.147;10.180;2.105;3.448;3.036;7.622;894;565;2.949;0
13 Oct;5.895;10.304;7.148;475;807;3.145;89.228;863;28.087;27.106;47.595;1.311;10.837;3.978;11.130;662;2.641;3.562;6.887;9.052;4.812;11.508;3.736;16.917;586;1.162;10.343;2.110;3.454;3.079;7.764;917;572;2.949;0
14 Oct;5.960;10.413;7.239;480;825;3.171;90.266;893;28.529;27.392;47.894;1.328;11.047;3.987;11.185;673;2.660;3.588;6.947;9.403;4.857;11.596;3.802;17.066;596;1.204;10.643;2.114;3.459;3.079;7.988;932;574;2.959;0
15 Oct;6.077;10.513;7.350;484;832;3.216;91.337;916;29.119;27.864;48.161;1.357;11.212;4.014;11.261;673;2.699;3.613;7.005;9.766;4.868;11.686;3.902;17.179;617;1.221;10.824;2.115;3.471;3.235;8.099;939;575;2.960;0
16 Oct;6.254;10.605;7.466;488;839;3.261;92.382;942;29.543;28.307;48.452;1.382;11.306;4.045;11.329;687;2.768;3.646;7.058;10.250;4.930;11.775;3.950;17.286;617;1.250;11.102;2.120;3.479;3.353;8.099;944;582;2.964;0
17 Oct;6.436;10.697;7.593;499;862;3.285;93.356;968;30.043;28.723;48.690;1.413;11.503;4.081;11.400;691;2.768;3.673;7.104;10.700;4.959;11.861;4.023;17.352;668;1.285;11.358;2.120;3.521;3.465;8.168;949;584;2.964;0
18 Oct;6.551;10.771;7.723;515;877;3.325;94.327;982;30.254;29.079;48.932;1.428;11.885;4.081;11.439;714;2.836;3.704;7.143;10.963;4.985;11.944;4.249;17.483;685;1.298;11.642;2.120;3.561;3.626;8.239;952;587;2.967;0
19 Oct;6.667;10.880;7.843;516;880;3.343;95.253;988;30.778;29.395;49.174;1.428;11.970;4.122;11.446;715;2.883;3.732;7.182;11.205;5.026;12.035;4.275;17.526;687;1.340;11.839;2.131;3.597;3.636;8.239;952;588;2.969;0
20 Oct;6.765;10.955;7.922;523;915;3.356;96.217;1.027;31.250;29.844;49.474;1.451;12.038;4.149;11.488;715;2.915;3.753;7.229;11.373;5.048;12.125;4.301;17.593;726;1.376;12.006;2.142;3.617;3.653;8.368;967;592;2.969;0
21 Oct;6.844;11.042;8.093;538;917;3.389;97.217;1.049;31.907;30.218;49.801;1.451;12.221;4.162;11.508;735;3.012;3.785;7.328;11.652;5.075;12.212;4.382;17.690;762;1.420;12.319;2.152;3.624;3.688;8.368;971;605;2.972;0
22 Oct;6.947;11.125;8.313;544;928;3.434;98.206;1.068;32.643;30.731;50.069;1.497;12.480;4.162;11.535;752;3.012;3.810;7.362;11.875;5.087;12.297;4.472;17.767;775;1.460;12.601;2.180;3.624;3.761;8.463;971;615;2.975;0
23 Oct;7.037;11.203;8.458;544;961;3.462;99.158;1.092;33.147;31.302;50.364;1.528;12.703;4.213;11.583;761;3.126;3.830;7.435;12.132;5.132;12.388;4.550;17.828;787;1.522;12.877;2.187;3.650;3.858;8.512;971;634;2.975;0
24 Oct;7.125;11.279;8.563;549;969;3.506;100.220;1.118;33.568;31.586;50.653;1.564;12.944;4.233;11.629;766;3.207;3.836;7.500;12.432;5.176;12.472;4.622;17.893;799;1.551;13.257;2.188;3.718;3.879;8.569;978;649;2.982;0
25 Oct;7.212;11.388;8.794;553;995;3.550;100.991;1.140;33.924;31.942;50.921;1.564;13.119;4.251;11.648;780;3.362;3.858;7.522;12.791;5.209;12.562;4.665;17.936;817;1.601;13.547;2.188;3.739;3.885;8.618;987;652;3.001;0
26 Oct;7.252;11.455;8.914;554;995;3.576;101.897;1.149;34.355;32.098;51.217;1.577;13.225;4.274;11.650;782;3.500;3.884;7.538;13.060;5.232;12.655;4.675;17.950;821;1.646;13.752;2.192;3.739;3.891;8.785;988;653;3.003;
27 Oct;7.265;11.520;9.038;566;1.017;3.617;102.678;1.156;34.745;32.414;51.506;1.606;13.348;4.284;11.662;791;3.603;3.913;7.581;13.373;5.243;12.745;4.713;18.155;838;1.686;13.998;2.193;3.772;3.974;8.785;997;667;3.005;0
28 Oct;7.339;11.588;9.208;573;1.040;3.662;103.522;1.188;35.148;32.732;51.752;1.620;13.562;4.288;11.732;805;3.738;3.940;7.667;13.649;5.287;12.837;4.856;18.275;848;1.729;14.251;2.196;3.785;4.080;8.910;1.000;669;3.007;0
29 Oct;7.373;11.647;9.299;578;1.049;3.744;104.235;1.219;35.607;33.100;52.020;1.633;13.770;4.328;11.764;814;3.901;3.950;7.744;13.984;5.351;12.925;4.902;18.298;855;1.757;14.511;2.196;3.790;4.088;8.930;1.000;679;3.007;0
;;;;;;;;;;;;;;;;;;;;;;;;;;;;;;;;;;;
;;;;;;;;;;;;;;;;;;;;;;;;;;;;;;;;;;;
;;;;;;;;;;;;;;;;;;;;;;;;;;;;;;;;;;;
;;;;;;;;;;;;;;;;;;;;;;;;;;;;;;;;;;;
;;;;;;;;;;;;;;;;;;;;;;;;;;;;;;;;;;;
;;;;;;;;;;;;;;;;;;;;;;;;;;;;;;;;;;;
;;;;;;;;;;;;;;;;;;;;;;;;;;;;;;;;;;;
;;;;;;;;;;;;;;;;;;;;;;;;;;;;;;;;;;;
;;;;;;;;;;;;;;;;;;;;;;;;;;;;;;;;;;;
;;;;;;;;;;;;;;;;;;;;;;;;;;;;;;;;;;;
;;;;;;;;;;;;;;;;;;;;;;;;;;;;;;;;;;;
;;;;;;;;;;;;;;;;;;;;;;;;;;;;;;;;;;;
;;;;;;;;;;;;;;;;;;;;;;;;;;;;;;;;;;;
;;;;;;;;;;;;;;;;;;;;;;;;;;;;;;;;;;;
;;;;;;;;;;;;;;;;;;;;;;;;;;;;;;;;;;;
;;;;;;;;;;;;;;;;;;;;;;;;;;;;;;;;;;;
;;;;;;;;;;;;;;;;;;;;;;;;;;;;;;;;;;;
;;;;;;;;;;;;;;;;;;;;;;;;;;;;;;;;;;;
;;;;;;;;;;;;;;;;;;;;;;;;;;;;;;;;;;;
;;;;;;;;;;;;;;;;;;;;;;;;;;;;;;;;;;;
;;;;;;;;;;;;;;;;;;;;;;;;;;;;;;;;;;;
;;;;;;;;;;;;;;;;;;;;;;;;;;;;;;;;;;;
;;;;;;;;;;;;;;;;;;;;;;;;;;;;;;;;;;;
;;;;;;;;;;;;;;;;;;;;;;;;;;;;;;;;;;;
;;;;;;;;;;;;;;;;;;;;;;;;;;;;;;;;;;;
;;;;;;;;;;;;;;;;;;;;;;;;;;;;;;;;;;;
;;;;;;;;;;;;;;;;;;;;;;;;;;;;;;;;;;;
;;;;;;;;;;;;;;;;;;;;;;;;;;;;;;;;;;;
;;;;;;;;;;;;;;;;;;;;;;;;;;;;;;;;;;;
;;;;;;;;;;;;;;;;;;;;;;;;;;;;;;;;;;;
;;;;;;;;;;;;;;;;;;;;;;;;;;;;;;;;;;;
;;;;;;;;;;;;;;;;;;;;;;;;;;;;;;;;;;;
;;;;;;;;;;;;;;;;;;;;;;;;;;;;;;;;;;;
;;;;;;;;;;;;;;;;;;;;;;;;;;;;;;;;;;;
;;;;;;;;;;;;;;;;;;;;;;;;;;;;;;;;;;;
;;;;;;;;;;;;;;;;;;;;;;;;;;;;;;;;;;;
;;;;;;;;;;;;;;;;;;;;;;;;;;;;;;;;;;;
;;;;;;;;;;;;;;;;;;;;;;;;;;;;;;;;;;;
;;;;;;;;;;;;;;;;;;;;;;;;;;;;;;;;;;;
;;;;;;;;;;;;;;;;;;;;;;;;;;;;;;;;;;;
;;;;;;;;;;;;;;;;;;;;;;;;;;;;;;;;;;;
;;;;;;;;;;;;;;;;;;;;;;;;;;;;;;;;;;;
;;;;;;;;;;;;;;;;;;;;;;;;;;;;;;;;;;;
;;;;;;;;;;;;;;;;;;;;;;;;;;;;;;;;;;;
;;;;;;;;;;;;;;;;;;;;;;;;;;;;;;;;;;;
;;;;;;;;;;;;;;;;;;;;;;;;;;;;;;;;;;;
;;;;;;;;;;;;;;;;;;;;;;;;;;;;;;;;;;;
;;;;;;;;;;;;;;;;;;;;;;;;;;;;;;;;;;;
;;;;;;;;;;;;;;;;;;;;;;;;;;;;;;;;;;;
;;;;;;;;;;;;;;;;;;;;;;;;;;;;;;;;;;;
;;;;;;;;;;;;;;;;;;;;;;;;;;;;;;;;;;;
;;;;;;;;;;;;;;;;;;;;;;;;;;;;;;;;;;;
;;;;;;;;;;;;;;;;;;;;;;;;;;;;;;;;;;;
;;;;;;;;;;;;;;;;;;;;;;;;;;;;;;;;;;;
;;;;;;;;;;;;;;;;;;;;;;;;;;;;;;;;;;;
;;;;;;;;;;;;;;;;;;;;;;;;;;;;;;;;;;;
;;;;;;;;;;;;;;;;;;;;;;;;;;;;;;;;;;;
;;;;;;;;;;;;;;;;;;;;;;;;;;;;;;;;;;;
;;;;;;;;;;;;;;;;;;;;;;;;;;;;;;;;;;;
;;;;;;;;;;;;;;;;;;;;;;;;;;;;;;;;;;;
;;;;;;;;;;;;;;;;;;;;;;;;;;;;;;;;;;;
;;;;;;;;;;;;;;;;;;;;;;;;;;;;;;;;;;;
;;;;;;;;;;;;;;;;;;;;;;;;;;;;;;;;;;;
;;;;;;;;;;;;;;;;;;;;;;;;;;;;;;;;;;;
;;;;;;;;;;;;;;;;;;;;;;;;;;;;;;;;;;;
;;;;;;;;;;;;;;;;;;;;;;;;;;;;;;;;;;;
;;;;;;;;;;;;;;;;;;;;;;;;;;;;;;;;;;;
;;;;;;;;;;;;;;;;;;;;;;;;;;;;;;;;;;;
;;;;;;;;;;;;;;;;;;;;;;;;;;;;;;;;;;;
;;;;;;;;;;;;;;;;;;;;;;;;;;;;;;;;;;;
;;;;;;;;;;;;;;;;;;;;;;;;;;;;;;;;;;;
;;;;;;;;;;;;;;;;;;;;;;;;;;;;;;;;;;;
;;;;;;;;;;;;;;;;;;;;;;;;;;;;;;;;;;;
;;;;;;;;;;;;;;;;;;;;;;;;;;;;;;;;;;;
;;;;;;;;;;;;;;;;;;;;;;;;;;;;;;;;;;;
;;;;;;;;;;;;;;;;;;;;;;;;;;;;;;;;;;;
;;;;;;;;;;;;;;;;;;;;;;;;;;;;;;;;;;;
;;;;;;;;;;;;;;;;;;;;;;;;;;;;;;;;;;;
;;;;;;;;;;;;;;;;;;;;;;;;;;;;;;;;;;;
;;;;;;;;;;;;;;;;;;;;;;;;;;;;;;;;;;;
;;;;;;;;;;;;;;;;;;;;;;;;;;;;;;;;;;;
;;;;;;;;;;;;;;;;;;;;;;;;;;;;;;;;;;;
;;;;;;;;;;;;;;;;;;;;;;;;;;;;;;;;;;;
;;;;;;;;;;;;;;;;;;;;;;;;;;;;;;;;;;;
;;;;;;;;;;;;;;;;;;;;;;;;;;;;;;;;;;;
;;;;;;;;;;;;;;;;;;;;;;;;;;;;;;;;;;;
;;;;;;;;;;;;;;;;;;;;;;;;;;;;;;;;;;;
;;;;;;;;;;;;;;;;;;;;;;;;;;;;;;;;;;;
;;;;;;;;;;;;;;;;;;;;;;;;;;;;;;;;;;;
;;;;;;;;;;;;;;;;;;;;;;;;;;;;;;;;;;;
;;;;;;;;;;;;;;;;;;;;;;;;;;;;;;;;;;;
;;;;;;;;;;;;;;;;;;;;;;;;;;;;;;;;;;;
;;;;;;;;;;;;;;;;;;;;;;;;;;;;;;;;;;;
;;;;;;;;;;;;;;;;;;;;;;;;;;;;;;;;;;;
;;;;;;;;;;;;;;;;;;;;;;;;;;;;;;;;;;;
;;;;;;;;;;;;;;;;;;;;;;;;;;;;;;;;;;;
;;;;;;;;;;;;;;;;;;;;;;;;;;;;;;;;;;;
;;;;;;;;;;;;;;;;;;;;;;;;;;;;;;;;;;;
;;;;;;;;;;;;;;;;;;;;;;;;;;;;;;;;;;;
;;;;;;;;;;;;;;;;;;;;;;;;;;;;;;;;;;;
;;;;;;;;;;;;;;;;;;;;;;;;;;;;;;;;;;;
;;;;;;;;;;;;;;;;;;;;;;;;;;;;;;;;;;;
;;;;;;;;;;;;;;;;;;;;;;;;;;;;;;;;;;;
;;;;;;;;;;;;;;;;;;;;;;;;;;;;;;;;;;;
;;;;;;;;;;;;;;;;;;;;;;;;;;;;;;;;;;;
;;;;;;;;;;;;;;;;;;;;;;;;;;;;;;;;;;;
;;;;;;;;;;;;;;;;;;;;;;;;;;;;;;;;;;;
;;;;;;;;;;;;;;;;;;;;;;;;;;;;;;;;;;;
;;;;;;;;;;;;;;;;;;;;;;;;;;;;;;;;;;;
;;;;;;;;;;;;;;;;;;;;;;;;;;;;;;;;;;;
;;;;;;;;;;;;;;;;;;;;;;;;;;;;;;;;;;;
;;;;;;;;;;;;;;;;;;;;;;;;;;;;;;;;;;;
;;;;;;;;;;;;;;;;;;;;;;;;;;;;;;;;;;;
;;;;;;;;;;;;;;;;;;;;;;;;;;;;;;;;;;;
;;;;;;;;;;;;;;;;;;;;;;;;;;;;;;;;;;;
;;;;;;;;;;;;;;;;;;;;;;;;;;;;;;;;;;;
;;;;;;;;;;;;;;;;;;;;;;;;;;;;;;;;;;;
;;;;;;;;;;;;;;;;;;;;;;;;;;;;;;;;;;;
;;;;;;;;;;;;;;;;;;;;;;;;;;;;;;;;;;;
;;;;;;;;;;;;;;;;;;;;;;;;;;;;;;;;;;;
;;;;;;;;;;;;;;;;;;;;;;;;;;;;;;;;;;;
;;;;;;;;;;;;;;;;;;;;;;;;;;;;;;;;;;;
;;;;;;;;;;;;;;;;;;;;;;;;;;;;;;;;;;;
;;;;;;;;;;;;;;;;;;;;;;;;;;;;;;;;;;;
;;;;;;;;;;;;;;;;;;;;;;;;;;;;;;;;;;;
;;;;;;;;;;;;;;;;;;;;;;;;;;;;;;;;;;;
;;;;;;;;;;;;;;;;;;;;;;;;;;;;;;;;;;;
;;;;;;;;;;;;;;;;;;;;;;;;;;;;;;;;;;;
;;;;;;;;;;;;;;;;;;;;;;;;;;;;;;;;;;;
;;;;;;;;;;;;;;;;;;;;;;;;;;;;;;;;;;;
;;;;;;;;;;;;;;;;;;;;;;;;;;;;;;;;;;;
;;;;;;;;;;;;;;;;;;;;;;;;;;;;;;;;;;;
;;;;;;;;;;;;;;;;;;;;;;;;;;;;;;;;;;;
;;;;;;;;;;;;;;;;;;;;;;;;;;;;;;;;;;;
;;;;;;;;;;;;;;;;;;;;;;;;;;;;;;;;;;;
;;;;;;;;;;;;;;;;;;;;;;;;;;;;;;;;;;;
;;;;;;;;;;;;;;;;;;;;;;;;;;;;;;;;;;;
;;;;;;;;;;;;;;;;;;;;;;;;;;;;;;;;;;;
;;;;;;;;;;;;;;;;;;;;;;;;;;;;;;;;;;;
;;;;;;;;;;;;;;;;;;;;;;;;;;;;;;;;;;;
;;;;;;;;;;;;;;;;;;;;;;;;;;;;;;;;;;;
;;;;;;;;;;;;;;;;;;;;;;;;;;;;;;;;;;;
;;;;;;;;;;;;;;;;;;;;;;;;;;;;;;;;;;;
;;;;;;;;;;;;;;;;;;;;;;;;;;;;;;;;;;;
;;;;;;;;;;;;;;;;;;;;;;;;;;;;;;;;;;;
;;;;;;;;;;;;;;;;;;;;;;;;;;;;;;;;;;;
;;;;;;;;;;;;;;;;;;;;;;;;;;;;;;;;;;;
;;;;;;;;;;;;;;;;;;;;;;;;;;;;;;;;;;;
;;;;;;;;;;;;;;;;;;;;;;;;;;;;;;;;;;;
;;;;;;;;;;;;;;;;;;;;;;;;;;;;;;;;;;;
;;;;;;;;;;;;;;;;;;;;;;;;;;;;;;;;;;;
;;;;;;;;;;;;;;;;;;;;;;;;;;;;;;;;;;;
;;;;;;;;;;;;;;;;;;;;;;;;;;;;;;;;;;;
;;;;;;;;;;;;;;;;;;;;;;;;;;;;;;;;;;;
;;;;;;;;;;;;;;;;;;;;;;;;;;;;;;;;;;;
;;;;;;;;;;;;;;;;;;;;;;;;;;;;;;;;;;;
;;;;;;;;;;;;;;;;;;;;;;;;;;;;;;;;;;;
;;;;;;;;;;;;;;;;;;;;;;;;;;;;;;;;;;;
;;;;;;;;;;;;;;;;;;;;;;;;;;;;;;;;;;;
;;;;;;;;;;;;;;;;;;;;;;;;;;;;;;;;;;;
;;;;;;;;;;;;;;;;;;;;;;;;;;;;;;;;;;;
;;;;;;;;;;;;;;;;;;;;;;;;;;;;;;;;;;;
;;;;;;;;;;;;;;;;;;;;;;;;;;;;;;;;;;;
;;;;;;;;;;;;;;;;;;;;;;;;;;;;;;;;;;;
;;;;;;;;;;;;;;;;;;;;;;;;;;;;;;;;;;;
;;;;;;;;;;;;;;;;;;;;;;;;;;;;;;;;;;;
;;;;;;;;;;;;;;;;;;;;;;;;;;;;;;;;;;;
;;;;;;;;;;;;;;;;;;;;;;;;;;;;;;;;;;;
;;;;;;;;;;;;;;;;;;;;;;;;;;;;;;;;;;;
;;;;;;;;;;;;;;;;;;;;;;;;;;;;;;;;;;;
;;;;;;;;;;;;;;;;;;;;;;;;;;;;;;;;;;;
;;;;;;;;;;;;;;;;;;;;;;;;;;;;;;;;;;;
;;;;;;;;;;;;;;;;;;;;;;;;;;;;;;;;;;;
;;;;;;;;;;;;;;;;;;;;;;;;;;;;;;;;;;;
;;;;;;;;;;;;;;;;;;;;;;;;;;;;;;;;;;;
;;;;;;;;;;;;;;;;;;;;;;;;;;;;;;;;;;;
;;;;;;;;;;;;;;;;;;;;;;;;;;;;;;;;;;;
;;;;;;;;;;;;;;;;;;;;;;;;;;;;;;;;;;;
;;;;;;;;;;;;;;;;;;;;;;;;;;;;;;;;;;;
;;;;;;;;;;;;;;;;;;;;;;;;;;;;;;;;;;;
;;;;;;;;;;;;;;;;;;;;;;;;;;;;;;;;;;;
;;;;;;;;;;;;;;;;;;;;;;;;;;;;;;;;;;;
;;;;;;;;;;;;;;;;;;;;;;;;;;;;;;;;;;;
;;;;;;;;;;;;;;;;;;;;;;;;;;;;;;;;;;;
;;;;;;;;;;;;;;;;;;;;;;;;;;;;;;;;;;;
;;;;;;;;;;;;;;;;;;;;;;;;;;;;;;;;;;;
;;;;;;;;;;;;;;;;;;;;;;;;;;;;;;;;;;;
;;;;;;;;;;;;;;;;;;;;;;;;;;;;;;;;;;;
;;;;;;;;;;;;;;;;;;;;;;;;;;;;;;;;;;;
;;;;;;;;;;;;;;;;;;;;;;;;;;;;;;;;;;;
;;;;;;;;;;;;;;;;;;;;;;;;;;;;;;;;;;;
;;;;;;;;;;;;;;;;;;;;;;;;;;;;;;;;;;;
;;;;;;;;;;;;;;;;;;;;;;;;;;;;;;;;;;;
;;;;;;;;;;;;;;;;;;;;;;;;;;;;;;;;;;;
;;;;;;;;;;;;;;;;;;;;;;;;;;;;;;;;;;;
;;;;;;;;;;;;;;;;;;;;;;;;;;;;;;;;;;;
;;;;;;;;;;;;;;;;;;;;;;;;;;;;;;;;;;;
;;;;;;;;;;;;;;;;;;;;;;;;;;;;;;;;;;;
;;;;;;;;;;;;;;;;;;;;;;;;;;;;;;;;;;;
;;;;;;;;;;;;;;;;;;;;;;;;;;;;;;;;;;;
;;;;;;;;;;;;;;;;;;;;;;;;;;;;;;;;;;;
;;;;;;;;;;;;;;;;;;;;;;;;;;;;;;;;;;;
;;;;;;;;;;;;;;;;;;;;;;;;;;;;;;;;;;;
;;;;;;;;;;;;;;;;;;;;;;;;;;;;;;;;;;;
;;;;;;;;;;;;;;;;;;;;;;;;;;;;;;;;;;;
;;;;;;;;;;;;;;;;;;;;;;;;;;;;;;;;;;;
;;;;;;;;;;;;;;;;;;;;;;;;;;;;;;;;;;;
;;;;;;;;;;;;;;;;;;;;;;;;;;;;;;;;;;;
;;;;;;;;;;;;;;;;;;;;;;;;;;;;;;;;;;;
;;;;;;;;;;;;;;;;;;;;;;;;;;;;;;;;;;;
;;;;;;;;;;;;;;;;;;;;;;;;;;;;;;;;;;;
;;;;;;;;;;;;;;;;;;;;;;;;;;;;;;;;;;;
;;;;;;;;;;;;;;;;;;;;;;;;;;;;;;;;;;;
;;;;;;;;;;;;;;;;;;;;;;;;;;;;;;;;;;;
;;;;;;;;;;;;;;;;;;;;;;;;;;;;;;;;;;;
;;;;;;;;;;;;;;;;;;;;;;;;;;;;;;;;;;;
;;;;;;;;;;;;;;;;;;;;;;;;;;;;;;;;;;;
;;;;;;;;;;;;;;;;;;;;;;;;;;;;;;;;;;;
;;;;;;;;;;;;;;;;;;;;;;;;;;;;;;;;;;;
;;;;;;;;;;;;;;;;;;;;;;;;;;;;;;;;;;;
;;;;;;;;;;;;;;;;;;;;;;;;;;;;;;;;;;;
;;;;;;;;;;;;;;;;;;;;;;;;;;;;;;;;;;;
;;;;;;;;;;;;;;;;;;;;;;;;;;;;;;;;;;;
;;;;;;;;;;;;;;;;;;;;;;;;;;;;;;;;;;;
;;;;;;;;;;;;;;;;;;;;;;;;;;;;;;;;;;;
;;;;;;;;;;;;;;;;;;;;;;;;;;;;;;;;;;;
;;;;;;;;;;;;;;;;;;;;;;;;;;;;;;;;;;;
;;;;;;;;;;;;;;;;;;;;;;;;;;;;;;;;;;;
;;;;;;;;;;;;;;;;;;;;;;;;;;;;;;;;;;;
;;;;;;;;;;;;;;;;;;;;;;;;;;;;;;;;;;;
;;;;;;;;;;;;;;;;;;;;;;;;;;;;;;;;;;;
;;;;;;;;;;;;;;;;;;;;;;;;;;;;;;;;;;;
;;;;;;;;;;;;;;;;;;;;;;;;;;;;;;;;;;;
;;;;;;;;;;;;;;;;;;;;;;;;;;;;;;;;;;;
;;;;;;;;;;;;;;;;;;;;;;;;;;;;;;;;;;;
;;;;;;;;;;;;;;;;;;;;;;;;;;;;;;;;;;;
;;;;;;;;;;;;;;;;;;;;;;;;;;;;;;;;;;;
;;;;;;;;;;;;;;;;;;;;;;;;;;;;;;;;;;;
;;;;;;;;;;;;;;;;;;;;;;;;;;;;;;;;;;;
;;;;;;;;;;;;;;;;;;;;;;;;;;;;;;;;;;;
;;;;;;;;;;;;;;;;;;;;;;;;;;;;;;;;;;;
;;;;;;;;;;;;;;;;;;;;;;;;;;;;;;;;;;;
;;;;;;;;;;;;;;;;;;;;;;;;;;;;;;;;;;;
;;;;;;;;;;;;;;;;;;;;;;;;;;;;;;;;;;;
;;;;;;;;;;;;;;;;;;;;;;;;;;;;;;;;;;;
;;;;;;;;;;;;;;;;;;;;;;;;;;;;;;;;;;;
;;;;;;;;;;;;;;;;;;;;;;;;;;;;;;;;;;;
;;;;;;;;;;;;;;;;;;;;;;;;;;;;;;;;;;;
;;;;;;;;;;;;;;;;;;;;;;;;;;;;;;;;;;;
;;;;;;;;;;;;;;;;;;;;;;;;;;;;;;;;;;;
;;;;;;;;;;;;;;;;;;;;;;;;;;;;;;;;;;;
;;;;;;;;;;;;;;;;;;;;;;;;;;;;;;;;;;;
;;;;;;;;;;;;;;;;;;;;;;;;;;;;;;;;;;;
;;;;;;;;;;;;;;;;;;;;;;;;;;;;;;;;;;;
;;;;;;;;;;;;;;;;;;;;;;;;;;;;;;;;;;;
;;;;;;;;;;;;;;;;;;;;;;;;;;;;;;;;;;;
;;;;;;;;;;;;;;;;;;;;;;;;;;;;;;;;;;;
;;;;;;;;;;;;;;;;;;;;;;;;;;;;;;;;;;;
;;;;;;;;;;;;;;;;;;;;;;;;;;;;;;;;;;;
;;;;;;;;;;;;;;;;;;;;;;;;;;;;;;;;;;;
;;;;;;;;;;;;;;;;;;;;;;;;;;;;;;;;;;;
;;;;;;;;;;;;;;;;;;;;;;;;;;;;;;;;;;;
;;;;;;;;;;;;;;;;;;;;;;;;;;;;;;;;;;;
;;;;;;;;;;;;;;;;;;;;;;;;;;;;;;;;;;;
;;;;;;;;;;;;;;;;;;;;;;;;;;;;;;;;;;;
;;;;;;;;;;;;;;;;;;;;;;;;;;;;;;;;;;;
;;;;;;;;;;;;;;;;;;;;;;;;;;;;;;;;;;;
;;;;;;;;;;;;;;;;;;;;;;;;;;;;;;;;;;;
;;;;;;;;;;;;;;;;;;;;;;;;;;;;;;;;;;;
;;;;;;;;;;;;;;;;;;;;;;;;;;;;;;;;;;;
;;;;;;;;;;;;;;;;;;;;;;;;;;;;;;;;;;;
;;;;;;;;;;;;;;;;;;;;;;;;;;;;;;;;;;;
;;;;;;;;;;;;;;;;;;;;;;;;;;;;;;;;;;;
;;;;;;;;;;;;;;;;;;;;;;;;;;;;;;;;;;;
;;;;;;;;;;;;;;;;;;;;;;;;;;;;;;;;;;;
;;;;;;;;;;;;;;;;;;;;;;;;;;;;;;;;;;;
;;;;;;;;;;;;;;;;;;;;;;;;;;;;;;;;;;;
;;;;;;;;;;;;;;;;;;;;;;;;;;;;;;;;;;;
;;;;;;;;;;;;;;;;;;;;;;;;;;;;;;;;;;;
;;;;;;;;;;;;;;;;;;;;;;;;;;;;;;;;;;;
;;;;;;;;;;;;;;;;;;;;;;;;;;;;;;;;;;;
;;;;;;;;;;;;;;;;;;;;;;;;;;;;;;;;;;;
;;;;;;;;;;;;;;;;;;;;;;;;;;;;;;;;;;;
;;;;;;;;;;;;;;;;;;;;;;;;;;;;;;;;;;;
;;;;;;;;;;;;;;;;;;;;;;;;;;;;;;;;;;;
;;;;;;;;;;;;;;;;;;;;;;;;;;;;;;;;;;;
;;;;;;;;;;;;;;;;;;;;;;;;;;;;;;;;;;;
;;;;;;;;;;;;;;;;;;;;;;;;;;;;;;;;;;;
;;;;;;;;;;;;;;;;;;;;;;;;;;;;;;;;;;;
;;;;;;;;;;;;;;;;;;;;;;;;;;;;;;;;;;;
;;;;;;;;;;;;;;;;;;;;;;;;;;;;;;;;;;;
;;;;;;;;;;;;;;;;;;;;;;;;;;;;;;;;;;;
;;;;;;;;;;;;;;;;;;;;;;;;;;;;;;;;;;;
;;;;;;;;;;;;;;;;;;;;;;;;;;;;;;;;;;;
;;;;;;;;;;;;;;;;;;;;;;;;;;;;;;;;;;;
;;;;;;;;;;;;;;;;;;;;;;;;;;;;;;;;;;;
;;;;;;;;;;;;;;;;;;;;;;;;;;;;;;;;;;;
;;;;;;;;;;;;;;;;;;;;;;;;;;;;;;;;;;;
;;;;;;;;;;;;;;;;;;;;;;;;;;;;;;;;;;;
;;;;;;;;;;;;;;;;;;;;;;;;;;;;;;;;;;;
;;;;;;;;;;;;;;;;;;;;;;;;;;;;;;;;;;;
;;;;;;;;;;;;;;;;;;;;;;;;;;;;;;;;;;;
;;;;;;;;;;;;;;;;;;;;;;;;;;;;;;;;;;;
;;;;;;;;;;;;;;;;;;;;;;;;;;;;;;;;;;;
;;;;;;;;;;;;;;;;;;;;;;;;;;;;;;;;;;;
;;;;;;;;;;;;;;;;;;;;;;;;;;;;;;;;;;;
;;;;;;;;;;;;;;;;;;;;;;;;;;;;;;;;;;;
;;;;;;;;;;;;;;;;;;;;;;;;;;;;;;;;;;;
;;;;;;;;;;;;;;;;;;;;;;;;;;;;;;;;;;;
;;;;;;;;;;;;;;;;;;;;;;;;;;;;;;;;;;;
;;;;;;;;;;;;;;;;;;;;;;;;;;;;;;;;;;;
;;;;;;;;;;;;;;;;;;;;;;;;;;;;;;;;;;;
;;;;;;;;;;;;;;;;;;;;;;;;;;;;;;;;;;;
;;;;;;;;;;;;;;;;;;;;;;;;;;;;;;;;;;;
;;;;;;;;;;;;;;;;;;;;;;;;;;;;;;;;;;;
;;;;;;;;;;;;;;;;;;;;;;;;;;;;;;;;;;;
;;;;;;;;;;;;;;;;;;;;;;;;;;;;;;;;;;;
;;;;;;;;;;;;;;;;;;;;;;;;;;;;;;;;;;;
;;;;;;;;;;;;;;;;;;;;;;;;;;;;;;;;;;;
;;;;;;;;;;;;;;;;;;;;;;;;;;;;;;;;;;;
;;;;;;;;;;;;;;;;;;;;;;;;;;;;;;;;;;;
;;;;;;;;;;;;;;;;;;;;;;;;;;;;;;;;;;;
;;;;;;;;;;;;;;;;;;;;;;;;;;;;;;;;;;;
;;;;;;;;;;;;;;;;;;;;;;;;;;;;;;;;;;;
;;;;;;;;;;;;;;;;;;;;;;;;;;;;;;;;;;;
;;;;;;;;;;;;;;;;;;;;;;;;;;;;;;;;;;;
;;;;;;;;;;;;;;;;;;;;;;;;;;;;;;;;;;;
;;;;;;;;;;;;;;;;;;;;;;;;;;;;;;;;;;;
;;;;;;;;;;;;;;;;;;;;;;;;;;;;;;;;;;;
;;;;;;;;;;;;;;;;;;;;;;;;;;;;;;;;;;;
;;;;;;;;;;;;;;;;;;;;;;;;;;;;;;;;;;;
;;;;;;;;;;;;;;;;;;;;;;;;;;;;;;;;;;;
;;;;;;;;;;;;;;;;;;;;;;;;;;;;;;;;;;;
;;;;;;;;;;;;;;;;;;;;;;;;;;;;;;;;;;;
;;;;;;;;;;;;;;;;;;;;;;;;;;;;;;;;;;;
;;;;;;;;;;;;;;;;;;;;;;;;;;;;;;;;;;;
;;;;;;;;;;;;;;;;;;;;;;;;;;;;;;;;;;;
;;;;;;;;;;;;;;;;;;;;;;;;;;;;;;;;;;;
;;;;;;;;;;;;;;;;;;;;;;;;;;;;;;;;;;;
;;;;;;;;;;;;;;;;;;;;;;;;;;;;;;;;;;;
;;;;;;;;;;;;;;;;;;;;;;;;;;;;;;;;;;;
;;;;;;;;;;;;;;;;;;;;;;;;;;;;;;;;;;;
;;;;;;;;;;;;;;;;;;;;;;;;;;;;;;;;;;;
;;;;;;;;;;;;;;;;;;;;;;;;;;;;;;;;;;;
;;;;;;;;;;;;;;;;;;;;;;;;;;;;;;;;;;;
;;;;;;;;;;;;;;;;;;;;;;;;;;;;;;;;;;;
;;;;;;;;;;;;;;;;;;;;;;;;;;;;;;;;;;;
;;;;;;;;;;;;;;;;;;;;;;;;;;;;;;;;;;;
;;;;;;;;;;;;;;;;;;;;;;;;;;;;;;;;;;;
;;;;;;;;;;;;;;;;;;;;;;;;;;;;;;;;;;;
;;;;;;;;;;;;;;;;;;;;;;;;;;;;;;;;;;;
;;;;;;;;;;;;;;;;;;;;;;;;;;;;;;;;;;;
;;;;;;;;;;;;;;;;;;;;;;;;;;;;;;;;;;;
;;;;;;;;;;;;;;;;;;;;;;;;;;;;;;;;;;;
;;;;;;;;;;;;;;;;;;;;;;;;;;;;;;;;;;;
;;;;;;;;;;;;;;;;;;;;;;;;;;;;;;;;;;;
;;;;;;;;;;;;;;;;;;;;;;;;;;;;;;;;;;;
;;;;;;;;;;;;;;;;;;;;;;;;;;;;;;;;;;;
;;;;;;;;;;;;;;;;;;;;;;;;;;;;;;;;;;;
;;;;;;;;;;;;;;;;;;;;;;;;;;;;;;;;;;;
;;;;;;;;;;;;;;;;;;;;;;;;;;;;;;;;;;;
;;;;;;;;;;;;;;;;;;;;;;;;;;;;;;;;;;;
;;;;;;;;;;;;;;;;;;;;;;;;;;;;;;;;;;;
;;;;;;;;;;;;;;;;;;;;;;;;;;;;;;;;;;;
;;;;;;;;;;;;;;;;;;;;;;;;;;;;;;;;;;;
;;;;;;;;;;;;;;;;;;;;;;;;;;;;;;;;;;;
;;;;;;;;;;;;;;;;;;;;;;;;;;;;;;;;;;;
;;;;;;;;;;;;;;;;;;;;;;;;;;;;;;;;;;;
;;;;;;;;;;;;;;;;;;;;;;;;;;;;;;;;;;;
;;;;;;;;;;;;;;;;;;;;;;;;;;;;;;;;;;;
;;;;;;;;;;;;;;;;;;;;;;;;;;;;;;;;;;;
;;;;;;;;;;;;;;;;;;;;;;;;;;;;;;;;;;;
;;;;;;;;;;;;;;;;;;;;;;;;;;;;;;;;;;;
;;;;;;;;;;;;;;;;;;;;;;;;;;;;;;;;;;;
;;;;;;;;;;;;;;;;;;;;;;;;;;;;;;;;;;;
;;;;;;;;;;;;;;;;;;;;;;;;;;;;;;;;;;;
;;;;;;;;;;;;;;;;;;;;;;;;;;;;;;;;;;;
;;;;;;;;;;;;;;;;;;;;;;;;;;;;;;;;;;;
;;;;;;;;;;;;;;;;;;;;;;;;;;;;;;;;;;;
;;;;;;;;;;;;;;;;;;;;;;;;;;;;;;;;;;;
;;;;;;;;;;;;;;;;;;;;;;;;;;;;;;;;;;;
;;;;;;;;;;;;;;;;;;;;;;;;;;;;;;;;;;;
;;;;;;;;;;;;;;;;;;;;;;;;;;;;;;;;;;;
;;;;;;;;;;;;;;;;;;;;;;;;;;;;;;;;;;;
;;;;;;;;;;;;;;;;;;;;;;;;;;;;;;;;;;;
;;;;;;;;;;;;;;;;;;;;;;;;;;;;;;;;;;;
;;;;;;;;;;;;;;;;;;;;;;;;;;;;;;;;;;;
;;;;;;;;;;;;;;;;;;;;;;;;;;;;;;;;;;;
;;;;;;;;;;;;;;;;;;;;;;;;;;;;;;;;;;;
;;;;;;;;;;;;;;;;;;;;;;;;;;;;;;;;;;;
;;;;;;;;;;;;;;;;;;;;;;;;;;;;;;;;;;;
;;;;;;;;;;;;;;;;;;;;;;;;;;;;;;;;;;;
;;;;;;;;;;;;;;;;;;;;;;;;;;;;;;;;;;;
;;;;;;;;;;;;;;;;;;;;;;;;;;;;;;;;;;;
;;;;;;;;;;;;;;;;;;;;;;;;;;;;;;;;;;;
;;;;;;;;;;;;;;;;;;;;;;;;;;;;;;;;;;;
;;;;;;;;;;;;;;;;;;;;;;;;;;;;;;;;;;;
;;;;;;;;;;;;;;;;;;;;;;;;;;;;;;;;;;;
;;;;;;;;;;;;;;;;;;;;;;;;;;;;;;;;;;;
;;;;;;;;;;;;;;;;;;;;;;;;;;;;;;;;;;;
;;;;;;;;;;;;;;;;;;;;;;;;;;;;;;;;;;;
;;;;;;;;;;;;;;;;;;;;;;;;;;;;;;;;;;;
;;;;;;;;;;;;;;;;;;;;;;;;;;;;;;;;;;;
;;;;;;;;;;;;;;;;;;;;;;;;;;;;;;;;;;;
;;;;;;;;;;;;;;;;;;;;;;;;;;;;;;;;;;;
;;;;;;;;;;;;;;;;;;;;;;;;;;;;;;;;;;;
;;;;;;;;;;;;;;;;;;;;;;;;;;;;;;;;;;;
;;;;;;;;;;;;;;;;;;;;;;;;;;;;;;;;;;;
;;;;;;;;;;;;;;;;;;;;;;;;;;;;;;;;;;;
;;;;;;;;;;;;;;;;;;;;;;;;;;;;;;;;;;;
;;;;;;;;;;;;;;;;;;;;;;;;;;;;;;;;;;;
;;;;;;;;;;;;;;;;;;;;;;;;;;;;;;;;;;;
;;;;;;;;;;;;;;;;;;;;;;;;;;;;;;;;;;;
;;;;;;;;;;;;;;;;;;;;;;;;;;;;;;;;;;;
;;;;;;;;;;;;;;;;;;;;;;;;;;;;;;;;;;;
;;;;;;;;;;;;;;;;;;;;;;;;;;;;;;;;;;;
;;;;;;;;;;;;;;;;;;;;;;;;;;;;;;;;;;;
;;;;;;;;;;;;;;;;;;;;;;;;;;;;;;;;;;;
;;;;;;;;;;;;;;;;;;;;;;;;;;;;;;;;;;;
;;;;;;;;;;;;;;;;;;;;;;;;;;;;;;;;;;;
;;;;;;;;;;;;;;;;;;;;;;;;;;;;;;;;;;;
;;;;;;;;;;;;;;;;;;;;;;;;;;;;;;;;;;;
;;;;;;;;;;;;;;;;;;;;;;;;;;;;;;;;;;;
;;;;;;;;;;;;;;;;;;;;;;;;;;;;;;;;;;;
;;;;;;;;;;;;;;;;;;;;;;;;;;;;;;;;;;;
;;;;;;;;;;;;;;;;;;;;;;;;;;;;;;;;;;;
;;;;;;;;;;;;;;;;;;;;;;;;;;;;;;;;;;;
;;;;;;;;;;;;;;;;;;;;;;;;;;;;;;;;;;;
;;;;;;;;;;;;;;;;;;;;;;;;;;;;;;;;;;;
;;;;;;;;;;;;;;;;;;;;;;;;;;;;;;;;;;;
;;;;;;;;;;;;;;;;;;;;;;;;;;;;;;;;;;;
;;;;;;;;;;;;;;;;;;;;;;;;;;;;;;;;;;;
;;;;;;;;;;;;;;;;;;;;;;;;;;;;;;;;;;;
;;;;;;;;;;;;;;;;;;;;;;;;;;;;;;;;;;;
;;;;;;;;;;;;;;;;;;;;;;;;;;;;;;;;;;;
;;;;;;;;;;;;;;;;;;;;;;;;;;;;;;;;;;;
;;;;;;;;;;;;;;;;;;;;;;;;;;;;;;;;;;;
;;;;;;;;;;;;;;;;;;;;;;;;;;;;;;;;;;;
;;;;;;;;;;;;;;;;;;;;;;;;;;;;;;;;;;;
;;;;;;;;;;;;;;;;;;;;;;;;;;;;;;;;;;;
;;;;;;;;;;;;;;;;;;;;;;;;;;;;;;;;;;;
;;;;;;;;;;;;;;;;;;;;;;;;;;;;;;;;;;;
;;;;;;;;;;;;;;;;;;;;;;;;;;;;;;;;;;;
;;;;;;;;;;;;;;;;;;;;;;;;;;;;;;;;;;;
;;;;;;;;;;;;;;;;;;;;;;;;;;;;;;;;;;;
;;;;;;;;;;;;;;;;;;;;;;;;;;;;;;;;;;;
;;;;;;;;;;;;;;;;;;;;;;;;;;;;;;;;;;;
;;;;;;;;;;;;;;;;;;;;;;;;;;;;;;;;;;;
;;;;;;;;;;;;;;;;;;;;;;;;;;;;;;;;;;;
;;;;;;;;;;;;;;;;;;;;;;;;;;;;;;;;;;;
;;;;;;;;;;;;;;;;;;;;;;;;;;;;;;;;;;;
;;;;;;;;;;;;;;;;;;;;;;;;;;;;;;;;;;;
;;;;;;;;;;;;;;;;;;;;;;;;;;;;;;;;;;;
;;;;;;;;;;;;;;;;;;;;;;;;;;;;;;;;;;;
;;;;;;;;;;;;;;;;;;;;;;;;;;;;;;;;;;;
;;;;;;;;;;;;;;;;;;;;;;;;;;;;;;;;;;;
;;;;;;;;;;;;;;;;;;;;;;;;;;;;;;;;;;;
;;;;;;;;;;;;;;;;;;;;;;;;;;;;;;;;;;;
;;;;;;;;;;;;;;;;;;;;;;;;;;;;;;;;;;;
;;;;;;;;;;;;;;;;;;;;;;;;;;;;;;;;;;;
;;;;;;;;;;;;;;;;;;;;;;;;;;;;;;;;;;;
;;;;;;;;;;;;;;;;;;;;;;;;;;;;;;;;;;;
;;;;;;;;;;;;;;;;;;;;;;;;;;;;;;;;;;;
;;;;;;;;;;;;;;;;;;;;;;;;;;;;;;;;;;;
;;;;;;;;;;;;;;;;;;;;;;;;;;;;;;;;;;;
;;;;;;;;;;;;;;;;;;;;;;;;;;;;;;;;;;;
;;;;;;;;;;;;;;;;;;;;;;;;;;;;;;;;;;;
;;;;;;;;;;;;;;;;;;;;;;;;;;;;;;;;;;;
;;;;;;;;;;;;;;;;;;;;;;;;;;;;;;;;;;;
;;;;;;;;;;;;;;;;;;;;;;;;;;;;;;;;;;;
;;;;;;;;;;;;;;;;;;;;;;;;;;;;;;;;;;;
;;;;;;;;;;;;;;;;;;;;;;;;;;;;;;;;;;;
;;;;;;;;;;;;;;;;;;;;;;;;;;;;;;;;;;;
;;;;;;;;;;;;;;;;;;;;;;;;;;;;;;;;;;;
;;;;;;;;;;;;;;;;;;;;;;;;;;;;;;;;;;;
;;;;;;;;;;;;;;;;;;;;;;;;;;;;;;;;;;;
;;;;;;;;;;;;;;;;;;;;;;;;;;;;;;;;;;;
;;;;;;;;;;;;;;;;;;;;;;;;;;;;;;;;;;;
;;;;;;;;;;;;;;;;;;;;;;;;;;;;;;;;;;;
;;;;;;;;;;;;;;;;;;;;;;;;;;;;;;;;;;;
;;;;;;;;;;;;;;;;;;;;;;;;;;;;;;;;;;;
;;;;;;;;;;;;;;;;;;;;;;;;;;;;;;;;;;;
;;;;;;;;;;;;;;;;;;;;;;;;;;;;;;;;;;;
;;;;;;;;;;;;;;;;;;;;;;;;;;;;;;;;;;;
;;;;;;;;;;;;;;;;;;;;;;;;;;;;;;;;;;;
;;;;;;;;;;;;;;;;;;;;;;;;;;;;;;;;;;;
;;;;;;;;;;;;;;;;;;;;;;;;;;;;;;;;;;;
;;;;;;;;;;;;;;;;;;;;;;;;;;;;;;;;;;;
;;;;;;;;;;;;;;;;;;;;;;;;;;;;;;;;;;;
;;;;;;;;;;;;;;;;;;;;;;;;;;;;;;;;;;;
;;;;;;;;;;;;;;;;;;;;;;;;;;;;;;;;;;;
;;;;;;;;;;;;;;;;;;;;;;;;;;;;;;;;;;;
;;;;;;;;;;;;;;;;;;;;;;;;;;;;;;;;;;;
;;;;;;;;;;;;;;;;;;;;;;;;;;;;;;;;;;;
;;;;;;;;;;;;;;;;;;;;;;;;;;;;;;;;;;;
;;;;;;;;;;;;;;;;;;;;;;;;;;;;;;;;;;;
;;;;;;;;;;;;;;;;;;;;;;;;;;;;;;;;;;;
;;;;;;;;;;;;;;;;;;;;;;;;;;;;;;;;;;;
;;;;;;;;;;;;;;;;;;;;;;;;;;;;;;;;;;;
;;;;;;;;;;;;;;;;;;;;;;;;;;;;;;;;;;;
;;;;;;;;;;;;;;;;;;;;;;;;;;;;;;;;;;;
;;;;;;;;;;;;;;;;;;;;;;;;;;;;;;;;;;;
;;;;;;;;;;;;;;;;;;;;;;;;;;;;;;;;;;;
;;;;;;;;;;;;;;;;;;;;;;;;;;;;;;;;;;;
;;;;;;;;;;;;;;;;;;;;;;;;;;;;;;;;;;;
;;;;;;;;;;;;;;;;;;;;;;;;;;;;;;;;;;;
;;;;;;;;;;;;;;;;;;;;;;;;;;;;;;;;;;;
;;;;;;;;;;;;;;;;;;;;;;;;;;;;;;;;;;;
;;;;;;;;;;;;;;;;;;;;;;;;;;;;;;;;;;;
;;;;;;;;;;;;;;;;;;;;;;;;;;;;;;;;;;;
;;;;;;;;;;;;;;;;;;;;;;;;;;;;;;;;;;;
;;;;;;;;;;;;;;;;;;;;;;;;;;;;;;;;;;;
;;;;;;;;;;;;;;;;;;;;;;;;;;;;;;;;;;;
;;;;;;;;;;;;;;;;;;;;;;;;;;;;;;;;;;;
;;;;;;;;;;;;;;;;;;;;;;;;;;;;;;;;;;;
;;;;;;;;;;;;;;;;;;;;;;;;;;;;;;;;;;;
;;;;;;;;;;;;;;;;;;;;;;;;;;;;;;;;;;;
;;;;;;;;;;;;;;;;;;;;;;;;;;;;;;;;;;;
;;;;;;;;;;;;;;;;;;;;;;;;;;;;;;;;;;;
;;;;;;;;;;;;;;;;;;;;;;;;;;;;;;;;;;;
;;;;;;;;;;;;;;;;;;;;;;;;;;;;;;;;;;;
;;;;;;;;;;;;;;;;;;;;;;;;;;;;;;;;;;;
;;;;;;;;;;;;;;;;;;;;;;;;;;;;;;;;;;;
;;;;;;;;;;;;;;;;;;;;;;;;;;;;;;;;;;;
;;;;;;;;;;;;;;;;;;;;;;;;;;;;;;;;;;;
;;;;;;;;;;;;;;;;;;;;;;;;;;;;;;;;;;;
;;;;;;;;;;;;;;;;;;;;;;;;;;;;;;;;;;;
;;;;;;;;;;;;;;;;;;;;;;;;;;;;;;;;;;;
;;;;;;;;;;;;;;;;;;;;;;;;;;;;;;;;;;;
;;;;;;;;;;;;;;;;;;;;;;;;;;;;;;;;;;;
;;;;;;;;;;;;;;;;;;;;;;;;;;;;;;;;;;;
;;;;;;;;;;;;;;;;;;;;;;;;;;;;;;;;;;;
;;;;;;;;;;;;;;;;;;;;;;;;;;;;;;;;;;;
;;;;;;;;;;;;;;;;;;;;;;;;;;;;;;;;;;;
;;;;;;;;;;;;;;;;;;;;;;;;;;;;;;;;;;;
;;;;;;;;;;;;;;;;;;;;;;;;;;;;;;;;;;;
;;;;;;;;;;;;;;;;;;;;;;;;;;;;;;;;;;;
;;;;;;;;;;;;;;;;;;;;;;;;;;;;;;;;;;;
;;;;;;;;;;;;;;;;;;;;;;;;;;;;;;;;;;;
;;;;;;;;;;;;;;;;;;;;;;;;;;;;;;;;;;;
;;;;;;;;;;;;;;;;;;;;;;;;;;;;;;;;;;;
;;;;;;;;;;;;;;;;;;;;;;;;;;;;;;;;;;;
;;;;;;;;;;;;;;;;;;;;;;;;;;;;;;;;;;;
;;;;;;;;;;;;;;;;;;;;;;;;;;;;;;;;;;;
;;;;;;;;;;;;;;;;;;;;;;;;;;;;;;;;;;;
;;;;;;;;;;;;;;;;;;;;;;;;;;;;;;;;;;;
;;;;;;;;;;;;;;;;;;;;;;;;;;;;;;;;;;;
;;;;;;;;;;;;;;;;;;;;;;;;;;;;;;;;;;;
;;;;;;;;;;;;;;;;;;;;;;;;;;;;;;;;;;;
;;;;;;;;;;;;;;;;;;;;;;;;;;;;;;;;;;;
;;;;;;;;;;;;;;;;;;;;;;;;;;;;;;;;;;;
;;;;;;;;;;;;;;;;;;;;;;;;;;;;;;;;;;;
;;;;;;;;;;;;;;;;;;;;;;;;;;;;;;;;;;;
;;;;;;;;;;;;;;;;;;;;;;;;;;;;;;;;;;;
;;;;;;;;;;;;;;;;;;;;;;;;;;;;;;;;;;;
;;;;;;;;;;;;;;;;;;;;;;;;;;;;;;;;;;;
;;;;;;;;;;;;;;;;;;;;;;;;;;;;;;;;;;;
;;;;;;;;;;;;;;;;;;;;;;;;;;;;;;;;;;;
;;;;;;;;;;;;;;;;;;;;;;;;;;;;;;;;;;;
;;;;;;;;;;;;;;;;;;;;;;;;;;;;;;;;;;;
;;;;;;;;;;;;;;;;;;;;;;;;;;;;;;;;;;;
;;;;;;;;;;;;;;;;;;;;;;;;;;;;;;;;;;;
;;;;;;;;;;;;;;;;;;;;;;;;;;;;;;;;;;;
;;;;;;;;;;;;;;;;;;;;;;;;;;;;;;;;;;;
;;;;;;;;;;;;;;;;;;;;;;;;;;;;;;;;;;;
;;;;;;;;;;;;;;;;;;;;;;;;;;;;;;;;;;;
;;;;;;;;;;;;;;;;;;;;;;;;;;;;;;;;;;;
;;;;;;;;;;;;;;;;;;;;;;;;;;;;;;;;;;;
;;;;;;;;;;;;;;;;;;;;;;;;;;;;;;;;;;;
;;;;;;;;;;;;;;;;;;;;;;;;;;;;;;;;;;;
;;;;;;;;;;;;;;;;;;;;;;;;;;;;;;;;;;;
;;;;;;;;;;;;;;;;;;;;;;;;;;;;;;;;;;;
;;;;;;;;;;;;;;;;;;;;;;;;;;;;;;;;;;;
;;;;;;;;;;;;;;;;;;;;;;;;;;;;;;;;;;;
;;;;;;;;;;;;;;;;;;;;;;;;;;;;;;;;;;;
;;;;;;;;;;;;;;;;;;;;;;;;;;;;;;;;;;;
;;;;;;;;;;;;;;;;;;;;;;;;;;;;;;;;;;;
;;;;;;;;;;;;;;;;;;;;;;;;;;;;;;;;;;;
;;;;;;;;;;;;;;;;;;;;;;;;;;;;;;;;;;;
;;;;;;;;;;;;;;;;;;;;;;;;;;;;;;;;;;;
;;;;;;;;;;;;;;;;;;;;;;;;;;;;;;;;;;;
;;;;;;;;;;;;;;;;;;;;;;;;;;;;;;;;;;;
;;;;;;;;;;;;;;;;;;;;;;;;;;;;;;;;;;;
;;;;;;;;;;;;;;;;;;;;;;;;;;;;;;;;;;;
;;;;;;;;;;;;;;;;;;;;;;;;;;;;;;;;;;;
;;;;;;;;;;;;;;;;;;;;;;;;;;;;;;;;;;;
;;;;;;;;;;;;;;;;;;;;;;;;;;;;;;;;;;;
;;;;;;;;;;;;;;;;;;;;;;;;;;;;;;;;;;;
;;;;;;;;;;;;;;;;;;;;;;;;;;;;;;;;;;;
;;;;;;;;;;;;;;;;;;;;;;;;;;;;;;;;;;;
;;;;;;;;;;;;;;;;;;;;;;;;;;;;;;;;;;;
;;;;;;;;;;;;;;;;;;;;;;;;;;;;;;;;;;;
;;;;;;;;;;;;;;;;;;;;;;;;;;;;;;;;;;;
;;;;;;;;;;;;;;;;;;;;;;;;;;;;;;;;;;;
;;;;;;;;;;;;;;;;;;;;;;;;;;;;;;;;;;;
;;;;;;;;;;;;;;;;;;;;;;;;;;;;;;;;;;;
;;;;;;;;;;;;;;;;;;;;;;;;;;;;;;;;;;;
;;;;;;;;;;;;;;;;;;;;;;;;;;;;;;;;;;;
;;;;;;;;;;;;;;;;;;;;;;;;;;;;;;;;;;;
;;;;;;;;;;;;;;;;;;;;;;;;;;;;;;;;;;;
;;;;;;;;;;;;;;;;;;;;;;;;;;;;;;;;;;;
;;;;;;;;;;;;;;;;;;;;;;;;;;;;;;;;;;;
;;;;;;;;;;;;;;;;;;;;;;;;;;;;;;;;;;;
;;;;;;;;;;;;;;;;;;;;;;;;;;;;;;;;;;;
;;;;;;;;;;;;;;;;;;;;;;;;;;;;;;;;;;;
;;;;;;;;;;;;;;;;;;;;;;;;;;;;;;;;;;;
;;;;;;;;;;;;;;;;;;;;;;;;;;;;;;;;;;;
;;;;;;;;;;;;;;;;;;;;;;;;;;;;;;;;;;;
;;;;;;;;;;;;;;;;;;;;;;;;;;;;;;;;;;;
;;;;;;;;;;;;;;;;;;;;;;;;;;;;;;;;;;;
;;;;;;;;;;;;;;;;;;;;;;;;;;;;;;;;;;;
;;;;;;;;;;;;;;;;;;;;;;;;;;;;;;;;;;;
;;;;;;;;;;;;;;;;;;;;;;;;;;;;;;;;;;;
;;;;;;;;;;;;;;;;;;;;;;;;;;;;;;;;;;;
;;;;;;;;;;;;;;;;;;;;;;;;;;;;;;;;;;;
;;;;;;;;;;;;;;;;;;;;;;;;;;;;;;;;;;;
;;;;;;;;;;;;;;;;;;;;;;;;;;;;;;;;;;;
;;;;;;;;;;;;;;;;;;;;;;;;;;;;;;;;;;;
;;;;;;;;;;;;;;;;;;;;;;;;;;;;;;;;;;;
;;;;;;;;;;;;;;;;;;;;;;;;;;;;;;;;;;;
;;;;;;;;;;;;;;;;;;;;;;;;;;;;;;;;;;;
;;;;;;;;;;;;;;;;;;;;;;;;;;;;;;;;;;;
;;;;;;;;;;;;;;;;;;;;;;;;;;;;;;;;;;;
;;;;;;;;;;;;;;;;;;;;;;;;;;;;;;;;;;;
;;;;;;;;;;;;;;;;;;;;;;;;;;;;;;;;;;;
;;;;;;;;;;;;;;;;;;;;;;;;;;;;;;;;;;;
;;;;;;;;;;;;;;;;;;;;;;;;;;;;;;;;;;;
;;;;;;;;;;;;;;;;;;;;;;;;;;;;;;;;;;;
;;;;;;;;;;;;;;;;;;;;;;;;;;;;;;;;;;;
;;;;;;;;;;;;;;;;;;;;;;;;;;;;;;;;;;;
;;;;;;;;;;;;;;;;;;;;;;;;;;;;;;;;;;;
;;;;;;;;;;;;;;;;;;;;;;;;;;;;;;;;;;;
;;;;;;;;;;;;;;;;;;;;;;;;;;;;;;;;;;;
;;;;;;;;;;;;;;;;;;;;;;;;;;;;;;;;;;;
;;;;;;;;;;;;;;;;;;;;;;;;;;;;;;;;;;;
;;;;;;;;;;;;;;;;;;;;;;;;;;;;;;;;;;;
;;;;;;;;;;;;;;;;;;;;;;;;;;;;;;;;;;;
;;;;;;;;;;;;;;;;;;;;;;;;;;;;;;;;;;;
;;;;;;;;;;;;;;;;;;;;;;;;;;;;;;;;;;;
;;;;;;;;;;;;;;;;;;;;;;;;;;;;;;;;;;;
;;;;;;;;;;;;;;;;;;;;;;;;;;;;;;;;;;;
;;;;;;;;;;;;;;;;;;;;;;;;;;;;;;;;;;;
;;;;;;;;;;;;;;;;;;;;;;;;;;;;;;;;;;;
;;;;;;;;;;;;;;;;;;;;;;;;;;;;;;;;;;;
;;;;;;;;;;;;;;;;;;;;;;;;;;;;;;;;;;;
;;;;;;;;;;;;;;;;;;;;;;;;;;;;;;;;;;;
;;;;;;;;;;;;;;;;;;;;;;;;;;;;;;;;;;;
;;;;;;;;;;;;;;;;;;;;;;;;;;;;;;;;;;;
;;;;;;;;;;;;;;;;;;;;;;;;;;;;;;;;;;;
;;;;;;;;;;;;;;;;;;;;;;;;;;;;;;;;;;;
;;;;;;;;;;;;;;;;;;;;;;;;;;;;;;;;;;;
;;;;;;;;;;;;;;;;;;;;;;;;;;;;;;;;;;;
;;;;;;;;;;;;;;;;;;;;;;;;;;;;;;;;;;;
;;;;;;;;;;;;;;;;;;;;;;;;;;;;;;;;;;;
;;;;;;;;;;;;;;;;;;;;;;;;;;;;;;;;;;;
;;;;;;;;;;;;;;;;;;;;;;;;;;;;;;;;;;;
;;;;;;;;;;;;;;;;;;;;;;;;;;;;;;;;;;;
;;;;;;;;;;;;;;;;;;;;;;;;;;;;;;;;;;;
;;;;;;;;;;;;;;;;;;;;;;;;;;;;;;;;;;;
;;;;;;;;;;;;;;;;;;;;;;;;;;;;;;;;;;;
;;;;;;;;;;;;;;;;;;;;;;;;;;;;;;;;;;;
;;;;;;;;;;;;;;;;;;;;;;;;;;;;;;;;;;;
;;;;;;;;;;;;;;;;;;;;;;;;;;;;;;;;;;;
;;;;;;;;;;;;;;;;;;;;;;;;;;;;;;;;;;;
;;;;;;;;;;;;;;;;;;;;;;;;;;;;;;;;;;;
;;;;;;;;;;;;;;;;;;;;;;;;;;;;;;;;;;;
;;;;;;;;;;;;;;;;;;;;;;;;;;;;;;;;;;;
;;;;;;;;;;;;;;;;;;;;;;;;;;;;;;;;;;;
;;;;;;;;;;;;;;;;;;;;;;;;;;;;;;;;;;;
;;;;;;;;;;;;;;;;;;;;;;;;;;;;;;;;;;;
;;;;;;;;;;;;;;;;;;;;;;;;;;;;;;;;;;;
;;;;;;;;;;;;;;;;;;;;;;;;;;;;;;;;;;;
;;;;;;;;;;;;;;;;;;;;;;;;;;;;;;;;;;;
;;;;;;;;;;;;;;;;;;;;;;;;;;;;;;;;;;;
;;;;;;;;;;;;;;;;;;;;;;;;;;;;;;;;;;;
;;;;;;;;;;;;;;;;;;;;;;;;;;;;;;;;;;;
;;;;;;;;;;;;;;;;;;;;;;;;;;;;;;;;;;;
;;;;;;;;;;;;;;;;;;;;;;;;;;;;;;;;;;;
;;;;;;;;;;;;;;;;;;;;;;;;;;;;;;;;;;;
;;;;;;;;;;;;;;;;;;;;;;;;;;;;;;;;;;;
;;;;;;;;;;;;;;;;;;;;;;;;;;;;;;;;;;;
;;;;;;;;;;;;;;;;;;;;;;;;;;;;;;;;;;;
;;;;;;;;;;;;;;;;;;;;;;;;;;;;;;;;;;;
;;;;;;;;;;;;;;;;;;;;;;;;;;;;;;;;;;;
;;;;;;;;;;;;;;;;;;;;;;;;;;;;;;;;;;;
;;;;;;;;;;;;;;;;;;;;;;;;;;;;;;;;;;;
;;;;;;;;;;;;;;;;;;;;;;;;;;;;;;;;;;;
;;;;;;;;;;;;;;;;;;;;;;;;;;;;;;;;;;;
;;;;;;;;;;;;;;;;;;;;;;;;;;;;;;;;;;;
;;;;;;;;;;;;;;;;;;;;;;;;;;;;;;;;;;;
;;;;;;;;;;;;;;;;;;;;;;;;;;;;;;;;;;;
;;;;;;;;;;;;;;;;;;;;;;;;;;;;;;;;;;;
;;;;;;;;;;;;;;;;;;;;;;;;;;;;;;;;;;;
;;;;;;;;;;;;;;;;;;;;;;;;;;;;;;;;;;;
;;;;;;;;;;;;;;;;;;;;;;;;;;;;;;;;;;;
;;;;;;;;;;;;;;;;;;;;;;;;;;;;;;;;;;;
;;;;;;;;;;;;;;;;;;;;;;;;;;;;;;;;;;;
;;;;;;;;;;;;;;;;;;;;;;;;;;;;;;;;;;;
;;;;;;;;;;;;;;;;;;;;;;;;;;;;;;;;;;;
;;;;;;;;;;;;;;;;;;;;;;;;;;;;;;;;;;;
;;;;;;;;;;;;;;;;;;;;;;;;;;;;;;;;;;;
;;;;;;;;;;;;;;;;;;;;;;;;;;;;;;;;;;;
;;;;;;;;;;;;;;;;;;;;;;;;;;;;;;;;;;;
;;;;;;;;;;;;;;;;;;;;;;;;;;;;;;;;;;;
;;;;;;;;;;;;;;;;;;;;;;;;;;;;;;;;;;;
;;;;;;;;;;;;;;;;;;;;;;;;;;;;;;;;;;;
;;;;;;;;;;;;;;;;;;;;;;;;;;;;;;;;;;;
;;;;;;;;;;;;;;;;;;;;;;;;;;;;;;;;;;;
;;;;;;;;;;;;;;;;;;;;;;;;;;;;;;;;;;;
;;;;;;;;;;;;;;;;;;;;;;;;;;;;;;;;;;;
;;;;;;;;;;;;;;;;;;;;;;;;;;;;;;;;;;;
;;;;;;;;;;;;;;;;;;;;;;;;;;;;;;;;;;;
;;;;;;;;;;;;;;;;;;;;;;;;;;;;;;;;;;;
;;;;;;;;;;;;;;;;;;;;;;;;;;;;;;;;;;;
;;;;;;;;;;;;;;;;;;;;;;;;;;;;;;;;;;;
;;;;;;;;;;;;;;;;;;;;;;;;;;;;;;;;;;;
;;;;;;;;;;;;;;;;;;;;;;;;;;;;;;;;;;;
;;;;;;;;;;;;;;;;;;;;;;;;;;;;;;;;;;;
;;;;;;;;;;;;;;;;;;;;;;;;;;;;;;;;;;;
;;;;;;;;;;;;;;;;;;;;;;;;;;;;;;;;;;;
;;;;;;;;;;;;;;;;;;;;;;;;;;;;;;;;;;;
;;;;;;;;;;;;;;;;;;;;;;;;;;;;;;;;;;;
;;;;;;;;;;;;;;;;;;;;;;;;;;;;;;;;;;;
;;;;;;;;;;;;;;;;;;;;;;;;;;;;;;;;;;;
;;;;;;;;;;;;;;;;;;;;;;;;;;;;;;;;;;;
;;;;;;;;;;;;;;;;;;;;;;;;;;;;;;;;;;;
;;;;;;;;;;;;;;;;;;;;;;;;;;;;;;;;;;;
;;;;;;;;;;;;;;;;;;;;;;;;;;;;;;;;;;;
;;;;;;;;;;;;;;;;;;;;;;;;;;;;;;;;;;;
;;;;;;;;;;;;;;;;;;;;;;;;;;;;;;;;;;;
;;;;;;;;;;;;;;;;;;;;;;;;;;;;;;;;;;;
;;;;;;;;;;;;;;;;;;;;;;;;;;;;;;;;;;;
;;;;;;;;;;;;;;;;;;;;;;;;;;;;;;;;;;;
;;;;;;;;;;;;;;;;;;;;;;;;;;;;;;;;;;;
;;;;;;;;;;;;;;;;;;;;;;;;;;;;;;;;;;;
;;;;;;;;;;;;;;;;;;;;;;;;;;;;;;;;;;;
;;;;;;;;;;;;;;;;;;;;;;;;;;;;;;;;;;;
;;;;;;;;;;;;;;;;;;;;;;;;;;;;;;;;;;;
;;;;;;;;;;;;;;;;;;;;;;;;;;;;;;;;;;;
;;;;;;;;;;;;;;;;;;;;;;;;;;;;;;;;;;;
;;;;;;;;;;;;;;;;;;;;;;;;;;;;;;;;;;;
;;;;;;;;;;;;;;;;;;;;;;;;;;;;;;;;;;;
;;;;;;;;;;;;;;;;;;;;;;;;;;;;;;;;;;;
;;;;;;;;;;;;;;;;;;;;;;;;;;;;;;;;;;;
;;;;;;;;;;;;;;;;;;;;;;;;;;;;;;;;;;;
;;;;;;;;;;;;;;;;;;;;;;;;;;;;;;;;;;;
;;;;;;;;;;;;;;;;;;;;;;;;;;;;;;;;;;;
;;;;;;;;;;;;;;;;;;;;;;;;;;;;;;;;;;;
;;;;;;;;;;;;;;;;;;;;;;;;;;;;;;;;;;;
;;;;;;;;;;;;;;;;;;;;;;;;;;;;;;;;;;;
;;;;;;;;;;;;;;;;;;;;;;;;;;;;;;;;;;;
;;;;;;;;;;;;;;;;;;;;;;;;;;;;;;;;;;;
;;;;;;;;;;;;;;;;;;;;;;;;;;;;;;;;;;;
;;;;;;;;;;;;;;;;;;;;;;;;;;;;;;;;;;;
;;;;;;;;;;;;;;;;;;;;;;;;;;;;;;;;;;;
;;;;;;;;;;;;;;;;;;;;;;;;;;;;;;;;;;;
;;;;;;;;;;;;;;;;;;;;;;;;;;;;;;;;;;;
;;;;;;;;;;;;;;;;;;;;;;;;;;;;;;;;;;;
;;;;;;;;;;;;;;;;;;;;;;;;;;;;;;;;;;;
;;;;;;;;;;;;;;;;;;;;;;;;;;;;;;;;;;;
;;;;;;;;;;;;;;;;;;;;;;;;;;;;;;;;;;;
;;;;;;;;;;;;;;;;;;;;;;;;;;;;;;;;;;;
;;;;;;;;;;;;;;;;;;;;;;;;;;;;;;;;;;;
;;;;;;;;;;;;;;;;;;;;;;;;;;;;;;;;;;;
;;;;;;;;;;;;;;;;;;;;;;;;;;;;;;;;;;;
;;;;;;;;;;;;;;;;;;;;;;;;;;;;;;;;;;;
;;;;;;;;;;;;;;;;;;;;;;;;;;;;;;;;;;;
;;;;;;;;;;;;;;;;;;;;;;;;;;;;;;;;;;;
;;;;;;;;;;;;;;;;;;;;;;;;;;;;;;;;;;;
;;;;;;;;;;;;;;;;;;;;;;;;;;;;;;;;;;;
;;;;;;;;;;;;;;;;;;;;;;;;;;;;;;;;;;;
;;;;;;;;;;;;;;;;;;;;;;;;;;;;;;;;;;;
